id_nabidky,typ_sluzby,datum_od,datum_do,zakazka
1,UDRZBA_ZAHRADY,10/17/2019,2/26/2020,43
2,UDRZBA,7/4/2019,8/2/2019,73
3,REALIZACE,4/10/2020,4/20/2020,106
4,REALIZACE,12/27/2019,6/15/2020,141
5,UDRZBA,5/4/2020,7/19/2019,150
6,REALIZACE,1/17/2020,6/27/2020,12
7,REALIZACE,1/12/2020,5/17/2020,166
8,REALIZACE,10/14/2019,8/28/2019,15
9,REALIZACE,10/11/2019,8/27/2019,36
10,REALIZACE,9/2/2019,9/7/2019,21
11,REALIZACE,1/7/2020,8/11/2019,182
12,REALIZACE,11/1/2019,12/20/2019,117
13,UDRZBA,12/11/2019,12/22/2019,179
14,UDRZBA,11/28/2019,7/20/2019,83
15,UDRZBA,10/16/2019,4/19/2020,23
16,UDRZBA,1/17/2020,12/8/2019,170
17,REALIZACE,10/25/2019,2/8/2020,25
18,UDRZBA,4/30/2020,6/11/2020,147
19,REALIZACE,3/15/2020,7/15/2019,185
20,REALIZACE,2/7/2020,6/4/2020,95
21,UDRZBA,12/27/2019,7/23/2019,25
22,UDRZBA,12/30/2019,5/26/2020,178
23,REALIZACE,10/12/2019,4/8/2020,25
24,UDRZBA,1/28/2020,11/2/2019,176
25,REALIZACE,3/20/2020,6/10/2020,174
26,UDRZBA,12/29/2019,5/31/2020,191
27,UDRZBA,7/15/2019,7/22/2019,12
28,UDRZBA,12/24/2019,7/8/2019,141
29,REALIZACE,6/15/2020,8/20/2019,164
30,UDRZBA,12/21/2019,6/30/2020,21
31,UDRZBA,11/10/2019,11/12/2019,22
32,UDRZBA,12/22/2019,8/20/2019,96
33,REALIZACE,11/10/2019,4/12/2020,197
34,UDRZBA,5/24/2020,7/23/2019,112
35,REALIZACE,1/27/2020,11/9/2019,138
36,UDRZBA,12/24/2019,8/6/2019,109
37,REALIZACE,11/1/2019,4/11/2020,102
38,REALIZACE,3/18/2020,4/3/2020,78
39,UDRZBA,12/16/2019,5/30/2020,113
40,UDRZBA,11/9/2019,9/16/2019,165
41,REALIZACE,5/12/2020,6/20/2020,63
42,REALIZACE,11/11/2019,6/8/2020,68
43,UDRZBA,12/29/2019,5/3/2020,75
44,UDRZBA,11/19/2019,6/11/2020,35
45,UDRZBA,1/10/2020,2/19/2020,77
46,UDRZBA,6/7/2020,7/14/2019,96
47,REALIZACE,12/15/2019,2/27/2020,157
48,REALIZACE,6/4/2020,9/25/2019,45
49,REALIZACE,2/10/2020,3/3/2020,194
50,REALIZACE,11/17/2019,11/20/2019,61
51,UDRZBA,1/14/2020,11/1/2019,62
52,REALIZACE,7/20/2019,9/14/2019,17
53,UDRZBA,11/28/2019,9/19/2019,101
54,UDRZBA,1/13/2020,4/13/2020,11
55,REALIZACE,1/5/2020,2/23/2020,53
56,REALIZACE,4/8/2020,8/2/2019,96
57,UDRZBA,5/7/2020,9/11/2019,70
58,UDRZBA,8/20/2019,8/27/2019,80
59,REALIZACE,2/5/2020,9/14/2019,139
60,REALIZACE,2/16/2020,6/2/2020,27
61,REALIZACE,11/19/2019,9/2/2019,34
62,REALIZACE,8/11/2019,8/16/2019,70
63,UDRZBA,6/24/2020,9/20/2019,183
64,UDRZBA,11/4/2019,12/12/2019,95
65,REALIZACE,10/4/2019,8/21/2019,123
66,UDRZBA,1/6/2020,4/19/2020,37
67,REALIZACE,10/19/2019,3/1/2020,199
68,UDRZBA,10/9/2019,4/16/2020,49
69,UDRZBA,11/27/2019,9/22/2019,89
70,REALIZACE,5/13/2020,9/17/2019,109
71,REALIZACE,2/28/2020,8/20/2019,128
72,UDRZBA,11/19/2019,4/21/2020,185
73,REALIZACE,2/17/2020,4/29/2020,191
74,UDRZBA,1/22/2020,12/31/2019,62
75,UDRZBA,2/22/2020,6/4/2020,41
76,UDRZBA,2/14/2020,8/3/2019,76
77,REALIZACE,1/16/2020,8/27/2019,59
78,UDRZBA,11/8/2019,4/8/2020,23
79,UDRZBA,11/30/2019,9/6/2019,115
80,UDRZBA,10/10/2019,12/6/2019,195
81,REALIZACE,8/23/2019,9/13/2019,169
82,REALIZACE,1/10/2020,5/24/2020,73
83,UDRZBA,11/14/2019,11/27/2019,51
84,REALIZACE,3/10/2020,8/4/2019,27
85,REALIZACE,10/9/2019,7/1/2020,83
86,UDRZBA,8/15/2019,8/28/2019,129
87,REALIZACE,12/17/2019,3/11/2020,118
88,REALIZACE,5/2/2020,7/16/2019,90
89,UDRZBA,1/16/2020,6/8/2020,199
90,UDRZBA,5/4/2020,6/29/2020,83
91,REALIZACE,12/19/2019,4/20/2020,140
92,REALIZACE,12/20/2019,6/21/2020,147
93,UDRZBA,2/25/2020,5/17/2020,90
94,REALIZACE,11/29/2019,6/3/2020,110
95,REALIZACE,2/14/2020,5/14/2020,147
96,REALIZACE,10/8/2019,2/9/2020,4
97,REALIZACE,1/24/2020,9/16/2019,73
98,REALIZACE,4/4/2020,7/16/2019,67
99,REALIZACE,12/22/2019,12/28/2019,35
100,UDRZBA,1/3/2020,4/10/2020,125
101,UDRZBA,10/8/2019,12/12/2019,112
102,UDRZBA,2/2/2020,4/27/2020,69
103,REALIZACE,12/13/2019,6/28/2020,38
104,UDRZBA,1/16/2020,12/22/2019,35
105,REALIZACE,3/27/2020,9/4/2019,158
106,UDRZBA,10/22/2019,2/26/2020,93
107,REALIZACE,6/20/2020,7/19/2019,135
108,REALIZACE,5/24/2020,5/6/2020,4
109,UDRZBA,2/17/2020,6/7/2020,171
110,UDRZBA,10/17/2019,2/16/2020,13
111,UDRZBA,6/25/2020,9/1/2019,137
112,REALIZACE,11/22/2019,2/10/2020,10
113,REALIZACE,1/20/2020,12/15/2019,193
114,REALIZACE,6/12/2020,8/6/2019,121
115,REALIZACE,3/4/2020,7/26/2019,87
116,UDRZBA,12/18/2019,6/17/2020,2
117,REALIZACE,7/4/2019,8/29/2019,119
118,UDRZBA,3/14/2020,3/3/2020,75
119,REALIZACE,1/5/2020,8/20/2019,14
120,UDRZBA,12/10/2019,9/6/2019,6
121,UDRZBA,4/9/2020,7/11/2019,113
122,REALIZACE,11/12/2019,11/8/2019,90
123,REALIZACE,9/27/2019,9/6/2019,7
124,UDRZBA,1/12/2020,9/12/2019,42
125,REALIZACE,10/23/2019,2/24/2020,76
126,UDRZBA,11/19/2019,2/21/2020,174
127,UDRZBA,1/15/2020,10/23/2019,140
128,REALIZACE,10/17/2019,2/10/2020,75
129,UDRZBA,10/8/2019,4/14/2020,182
130,REALIZACE,7/3/2019,8/10/2019,13
131,UDRZBA,11/23/2019,6/29/2020,169
132,REALIZACE,1/26/2020,2/12/2020,147
133,UDRZBA,10/20/2019,9/26/2019,10
134,UDRZBA,2/26/2020,3/7/2020,200
135,REALIZACE,10/13/2019,3/7/2020,118
136,UDRZBA,10/18/2019,10/8/2019,180
137,UDRZBA,2/23/2020,3/30/2020,27
138,UDRZBA,1/4/2020,12/21/2019,7
139,UDRZBA,5/29/2020,9/17/2019,116
140,UDRZBA,5/4/2020,6/16/2020,42
141,UDRZBA,11/4/2019,12/4/2019,116
142,REALIZACE,1/13/2020,5/21/2020,186
143,UDRZBA,12/16/2019,2/8/2020,81
144,UDRZBA,6/12/2020,7/27/2019,10
145,REALIZACE,2/2/2020,6/10/2020,141
146,UDRZBA,2/13/2020,9/14/2019,152
147,REALIZACE,3/13/2020,9/10/2019,7
148,UDRZBA,11/7/2019,2/5/2020,4
149,REALIZACE,2/13/2020,3/2/2020,44
150,UDRZBA,11/10/2019,4/10/2020,92
151,REALIZACE,12/13/2019,9/25/2019,100
152,REALIZACE,8/29/2019,9/10/2019,130
153,UDRZBA,1/28/2020,5/16/2020,143
154,REALIZACE,12/26/2019,7/11/2019,105
155,UDRZBA,2/27/2020,8/2/2019,39
156,REALIZACE,5/24/2020,9/20/2019,63
157,REALIZACE,12/15/2019,9/8/2019,115
158,UDRZBA,10/25/2019,9/25/2019,165
159,REALIZACE,5/1/2020,7/26/2019,88
160,REALIZACE,10/31/2019,2/19/2020,41
161,UDRZBA,1/7/2020,4/26/2020,108
162,REALIZACE,10/29/2019,9/22/2019,174
163,REALIZACE,3/13/2020,5/8/2020,131
164,REALIZACE,10/8/2019,3/11/2020,29
165,UDRZBA,11/22/2019,6/18/2020,183
166,UDRZBA,5/14/2020,7/15/2019,73
167,UDRZBA,11/2/2019,12/14/2019,167
168,UDRZBA,1/18/2020,4/4/2020,181
169,UDRZBA,1/15/2020,9/6/2019,10
170,REALIZACE,2/22/2020,3/9/2020,53
171,REALIZACE,2/17/2020,5/7/2020,132
172,REALIZACE,2/10/2020,3/23/2020,27
173,REALIZACE,7/10/2019,8/7/2019,8
174,UDRZBA,11/2/2019,5/19/2020,113
175,REALIZACE,12/20/2019,4/26/2020,25
176,UDRZBA,3/1/2020,9/29/2019,82
177,UDRZBA,10/18/2019,10/5/2019,169
178,REALIZACE,2/20/2020,4/22/2020,50
179,UDRZBA,11/26/2019,3/12/2020,140
180,REALIZACE,11/9/2019,8/22/2019,140
181,UDRZBA,5/6/2020,8/5/2019,176
182,UDRZBA,11/5/2019,4/1/2020,97
183,UDRZBA,2/5/2020,3/29/2020,45
184,REALIZACE,11/1/2019,7/10/2019,44
185,REALIZACE,3/29/2020,4/24/2020,75
186,UDRZBA,10/18/2019,2/25/2020,51
187,UDRZBA,11/24/2019,7/14/2019,125
188,UDRZBA,3/24/2020,7/18/2019,110
189,REALIZACE,11/18/2019,8/26/2019,194
190,REALIZACE,4/7/2020,9/9/2019,82
191,REALIZACE,12/20/2019,7/17/2019,179
192,REALIZACE,1/26/2020,4/5/2020,172
193,UDRZBA,10/22/2019,8/26/2019,77
194,UDRZBA,2/20/2020,7/4/2019,200
195,REALIZACE,11/17/2019,3/25/2020,145
196,REALIZACE,11/27/2019,5/16/2020,48
197,UDRZBA,3/27/2020,6/8/2020,60
198,REALIZACE,3/6/2020,5/23/2020,145
199,REALIZACE,7/8/2019,9/23/2019,88
200,UDRZBA,1/1/2020,1/24/2020,93
201,UDRZBA,2/22/2020,5/24/2020,185
202,REALIZACE,1/10/2020,11/7/2019,160
203,UDRZBA,11/4/2019,6/6/2020,11
204,UDRZBA,12/16/2019,5/11/2020,23
205,UDRZBA,5/12/2020,5/30/2020,9
206,REALIZACE,3/31/2020,8/27/2019,80
207,UDRZBA,6/10/2020,8/15/2019,67
208,UDRZBA,5/9/2020,9/17/2019,100
209,REALIZACE,1/6/2020,11/10/2019,17
210,UDRZBA,3/30/2020,7/28/2019,106
211,REALIZACE,4/7/2020,5/11/2020,171
212,UDRZBA,11/2/2019,2/3/2020,146
213,REALIZACE,4/17/2020,9/21/2019,40
214,REALIZACE,6/10/2020,9/27/2019,54
215,UDRZBA,3/7/2020,4/12/2020,184
216,REALIZACE,8/31/2019,9/11/2019,163
217,REALIZACE,1/18/2020,2/26/2020,99
218,UDRZBA,12/10/2019,8/1/2019,184
219,REALIZACE,10/16/2019,5/19/2020,23
220,UDRZBA,11/19/2019,11/20/2019,162
221,REALIZACE,10/27/2019,3/2/2020,123
222,UDRZBA,12/4/2019,8/24/2019,50
223,UDRZBA,4/29/2020,4/4/2020,82
224,UDRZBA,2/26/2020,9/3/2019,45
225,UDRZBA,1/18/2020,12/25/2019,32
226,UDRZBA,12/22/2019,7/26/2019,48
227,UDRZBA,5/4/2020,8/18/2019,176
228,UDRZBA,11/16/2019,4/1/2020,77
229,REALIZACE,1/1/2020,8/8/2019,37
230,UDRZBA,2/4/2020,8/2/2019,76
231,REALIZACE,1/2/2020,6/8/2020,9
232,REALIZACE,8/3/2019,9/16/2019,137
233,REALIZACE,10/3/2019,10/3/2019,84
234,REALIZACE,3/31/2020,5/21/2020,17
235,REALIZACE,12/6/2019,5/23/2020,29
236,REALIZACE,10/8/2019,7/27/2019,198
237,UDRZBA,5/9/2020,7/1/2020,176
238,UDRZBA,2/21/2020,4/17/2020,64
239,REALIZACE,6/6/2020,7/8/2019,103
240,UDRZBA,1/24/2020,6/21/2020,122
241,UDRZBA,3/22/2020,5/12/2020,11
242,UDRZBA,4/16/2020,7/26/2019,21
243,UDRZBA,1/16/2020,11/19/2019,40
244,UDRZBA,4/11/2020,9/22/2019,197
245,UDRZBA,1/16/2020,7/14/2019,123
246,REALIZACE,4/16/2020,5/11/2020,153
247,REALIZACE,12/14/2019,5/8/2020,149
248,REALIZACE,1/12/2020,8/21/2019,4
249,UDRZBA,5/11/2020,5/26/2020,131
250,UDRZBA,12/17/2019,7/26/2019,47
251,REALIZACE,1/17/2020,12/17/2019,152
252,UDRZBA,10/12/2019,11/5/2019,31
253,REALIZACE,12/21/2019,9/3/2019,10
254,UDRZBA,1/26/2020,6/29/2020,102
255,REALIZACE,11/13/2019,7/26/2019,109
256,REALIZACE,10/25/2019,3/10/2020,112
257,REALIZACE,3/17/2020,6/16/2020,157
258,REALIZACE,10/24/2019,7/23/2019,154
259,REALIZACE,1/6/2020,2/26/2020,115
260,REALIZACE,3/17/2020,9/15/2019,158
261,UDRZBA,12/26/2019,5/24/2020,117
262,UDRZBA,12/13/2019,12/22/2019,191
263,REALIZACE,3/22/2020,3/4/2020,21
264,REALIZACE,10/13/2019,5/3/2020,80
265,REALIZACE,11/14/2019,11/23/2019,110
266,UDRZBA,3/8/2020,7/17/2019,59
267,UDRZBA,2/13/2020,5/8/2020,136
268,REALIZACE,5/4/2020,9/17/2019,37
269,REALIZACE,1/28/2020,2/29/2020,80
270,UDRZBA,5/9/2020,6/17/2020,26
271,REALIZACE,5/19/2020,5/30/2020,81
272,UDRZBA,2/29/2020,6/8/2020,149
273,REALIZACE,4/14/2020,5/4/2020,2
274,UDRZBA,2/27/2020,4/25/2020,19
275,REALIZACE,11/26/2019,2/4/2020,15
276,UDRZBA,10/2/2019,8/19/2019,83
277,UDRZBA,10/15/2019,3/2/2020,195
278,REALIZACE,11/1/2019,11/24/2019,15
279,REALIZACE,10/18/2019,4/29/2020,145
280,UDRZBA,3/31/2020,8/28/2019,58
281,REALIZACE,7/8/2019,9/13/2019,92
282,REALIZACE,11/23/2019,2/4/2020,31
283,REALIZACE,12/22/2019,7/30/2019,194
284,REALIZACE,12/21/2019,7/30/2019,192
285,UDRZBA,2/18/2020,3/5/2020,105
286,REALIZACE,12/19/2019,12/9/2019,67
287,UDRZBA,12/10/2019,8/30/2019,23
288,REALIZACE,2/12/2020,6/21/2020,80
289,UDRZBA,3/4/2020,6/26/2020,55
290,REALIZACE,1/18/2020,5/14/2020,125
291,REALIZACE,1/14/2020,2/16/2020,48
292,UDRZBA,3/26/2020,4/13/2020,143
293,REALIZACE,12/2/2019,2/13/2020,165
294,UDRZBA,4/10/2020,7/22/2019,127
295,REALIZACE,5/3/2020,8/16/2019,33
296,UDRZBA,1/10/2020,8/22/2019,119
297,UDRZBA,12/18/2019,8/17/2019,13
298,REALIZACE,1/10/2020,7/27/2019,27
299,UDRZBA,5/2/2020,7/28/2019,185
300,UDRZBA,12/28/2019,4/18/2020,118
301,UDRZBA,11/24/2019,9/8/2019,12
302,UDRZBA,12/17/2019,3/29/2020,136
303,REALIZACE,4/21/2020,7/5/2019,21
304,UDRZBA,1/30/2020,7/2/2020,3
305,UDRZBA,2/19/2020,7/23/2019,159
306,REALIZACE,8/12/2019,8/27/2019,82
307,REALIZACE,1/8/2020,6/23/2020,139
308,REALIZACE,10/10/2019,9/26/2019,176
309,UDRZBA,2/5/2020,7/2/2020,93
310,UDRZBA,1/10/2020,6/6/2020,102
311,REALIZACE,1/28/2020,11/22/2019,110
312,UDRZBA,1/8/2020,6/10/2020,2
313,REALIZACE,4/11/2020,4/21/2020,60
314,REALIZACE,12/22/2019,6/1/2020,192
315,REALIZACE,6/19/2020,6/9/2020,69
316,REALIZACE,10/19/2019,3/23/2020,113
317,UDRZBA,4/20/2020,7/29/2019,93
318,UDRZBA,1/5/2020,3/11/2020,133
319,UDRZBA,5/27/2020,8/10/2019,121
320,UDRZBA,1/7/2020,10/1/2019,67
321,UDRZBA,5/8/2020,7/13/2019,173
322,REALIZACE,3/15/2020,6/26/2020,177
323,REALIZACE,2/28/2020,8/22/2019,181
324,REALIZACE,1/13/2020,9/8/2019,158
325,UDRZBA,5/24/2020,6/14/2020,62
326,REALIZACE,12/24/2019,4/2/2020,76
327,UDRZBA,1/25/2020,4/27/2020,50
328,UDRZBA,2/17/2020,3/3/2020,148
329,REALIZACE,10/28/2019,5/13/2020,97
330,REALIZACE,10/21/2019,7/1/2020,9
331,UDRZBA,3/15/2020,5/29/2020,199
332,UDRZBA,4/7/2020,6/6/2020,105
333,REALIZACE,1/9/2020,11/19/2019,76
334,REALIZACE,2/21/2020,3/5/2020,107
335,UDRZBA,1/7/2020,9/7/2019,2
336,REALIZACE,10/7/2019,10/9/2019,123
337,REALIZACE,11/18/2019,5/16/2020,179
338,UDRZBA,6/30/2020,7/2/2020,176
339,UDRZBA,10/8/2019,6/17/2020,57
340,UDRZBA,7/22/2019,7/3/2019,68
341,UDRZBA,11/11/2019,12/1/2019,42
342,REALIZACE,1/18/2020,3/21/2020,61
343,UDRZBA,11/1/2019,7/28/2019,114
344,UDRZBA,10/18/2019,7/14/2019,171
345,REALIZACE,1/31/2020,3/20/2020,160
346,REALIZACE,10/7/2019,2/23/2020,59
347,REALIZACE,1/17/2020,1/5/2020,29
348,REALIZACE,11/29/2019,6/12/2020,135
349,UDRZBA,4/13/2020,4/21/2020,167
350,REALIZACE,1/2/2020,4/16/2020,40
351,REALIZACE,4/23/2020,5/27/2020,194
352,UDRZBA,4/12/2020,6/6/2020,144
353,UDRZBA,3/24/2020,4/16/2020,102
354,UDRZBA,2/27/2020,7/27/2019,26
355,UDRZBA,12/11/2019,3/31/2020,131
356,REALIZACE,9/20/2019,9/4/2019,136
357,REALIZACE,11/26/2019,7/11/2019,164
358,UDRZBA,11/22/2019,2/23/2020,156
359,UDRZBA,10/29/2019,11/28/2019,40
360,UDRZBA,12/19/2019,9/14/2019,76
361,REALIZACE,1/24/2020,7/11/2019,95
362,UDRZBA,10/13/2019,4/9/2020,150
363,REALIZACE,11/24/2019,9/9/2019,113
364,UDRZBA,10/16/2019,11/6/2019,146
365,REALIZACE,4/18/2020,6/19/2020,174
366,UDRZBA,7/8/2019,8/7/2019,189
367,UDRZBA,1/20/2020,4/16/2020,84
368,UDRZBA,2/7/2020,9/27/2019,116
369,REALIZACE,11/25/2019,4/18/2020,86
370,UDRZBA,8/15/2019,8/7/2019,135
371,REALIZACE,10/17/2019,12/6/2019,2
372,REALIZACE,12/16/2019,7/20/2019,127
373,UDRZBA,3/16/2020,4/20/2020,9
374,UDRZBA,1/3/2020,11/9/2019,14
375,REALIZACE,11/2/2019,7/27/2019,192
376,UDRZBA,12/22/2019,4/11/2020,167
377,UDRZBA,7/29/2019,9/8/2019,16
378,REALIZACE,10/8/2019,11/3/2019,65
379,REALIZACE,2/6/2020,5/4/2020,3
380,UDRZBA,12/30/2019,3/17/2020,108
381,REALIZACE,1/17/2020,4/3/2020,133
382,UDRZBA,1/3/2020,5/7/2020,116
383,UDRZBA,12/19/2019,2/10/2020,191
384,REALIZACE,1/21/2020,6/4/2020,190
385,UDRZBA,4/9/2020,6/26/2020,27
386,REALIZACE,4/7/2020,6/24/2020,106
387,REALIZACE,3/11/2020,3/21/2020,91
388,UDRZBA,10/15/2019,8/5/2019,21
389,UDRZBA,2/9/2020,6/14/2020,199
390,REALIZACE,11/2/2019,2/14/2020,149
391,UDRZBA,4/4/2020,8/9/2019,59
392,REALIZACE,6/5/2020,9/23/2019,3
393,REALIZACE,12/31/2019,5/12/2020,154
394,UDRZBA,8/19/2019,9/5/2019,20
395,REALIZACE,10/19/2019,12/18/2019,154
396,UDRZBA,10/4/2019,4/28/2020,38
397,UDRZBA,2/16/2020,4/11/2020,73
398,UDRZBA,10/6/2019,2/13/2020,53
399,UDRZBA,5/4/2020,9/15/2019,188
400,REALIZACE,8/13/2019,9/5/2019,169
401,REALIZACE,12/14/2019,5/18/2020,92
402,UDRZBA,11/23/2019,11/3/2019,88
403,UDRZBA,1/24/2020,3/13/2020,122
404,REALIZACE,11/16/2019,3/9/2020,100
405,REALIZACE,10/31/2019,4/7/2020,79
406,UDRZBA,1/7/2020,5/30/2020,34
407,REALIZACE,11/16/2019,9/19/2019,198
408,REALIZACE,4/5/2020,8/11/2019,33
409,REALIZACE,1/27/2020,8/6/2019,195
410,UDRZBA,10/18/2019,5/14/2020,196
411,REALIZACE,3/22/2020,4/15/2020,191
412,UDRZBA,11/13/2019,2/22/2020,68
413,REALIZACE,7/8/2019,9/18/2019,131
414,UDRZBA,1/18/2020,2/2/2020,71
415,UDRZBA,2/25/2020,5/16/2020,14
416,UDRZBA,4/9/2020,6/1/2020,97
417,UDRZBA,2/2/2020,5/6/2020,47
418,REALIZACE,12/20/2019,2/25/2020,31
419,UDRZBA,3/21/2020,4/1/2020,77
420,UDRZBA,1/18/2020,7/17/2019,129
421,REALIZACE,7/11/2019,8/4/2019,186
422,REALIZACE,6/10/2020,7/23/2019,1
423,UDRZBA,11/14/2019,7/15/2019,154
424,UDRZBA,10/24/2019,2/28/2020,127
425,REALIZACE,6/16/2020,9/30/2019,11
426,UDRZBA,8/5/2019,9/28/2019,44
427,UDRZBA,11/20/2019,6/6/2020,50
428,UDRZBA,4/8/2020,7/16/2019,87
429,REALIZACE,1/7/2020,2/19/2020,169
430,UDRZBA,3/12/2020,5/6/2020,69
431,UDRZBA,10/11/2019,11/9/2019,11
432,REALIZACE,5/12/2020,9/26/2019,173
433,REALIZACE,6/29/2020,8/15/2019,111
434,REALIZACE,1/26/2020,3/22/2020,47
435,UDRZBA,3/10/2020,6/8/2020,160
436,REALIZACE,5/23/2020,6/15/2020,93
437,UDRZBA,8/13/2019,8/31/2019,115
438,REALIZACE,3/31/2020,9/26/2019,172
439,UDRZBA,4/13/2020,4/20/2020,8
440,UDRZBA,12/24/2019,6/4/2020,109
441,REALIZACE,11/25/2019,4/25/2020,102
442,UDRZBA,2/19/2020,7/10/2019,152
443,REALIZACE,10/22/2019,3/26/2020,92
444,UDRZBA,5/21/2020,5/9/2020,83
445,UDRZBA,10/28/2019,4/30/2020,155
446,REALIZACE,1/6/2020,5/29/2020,180
447,UDRZBA,5/26/2020,8/20/2019,172
448,REALIZACE,10/28/2019,7/5/2019,41
449,REALIZACE,3/31/2020,9/18/2019,84
450,UDRZBA,4/16/2020,9/3/2019,114
451,REALIZACE,5/5/2020,8/7/2019,93
452,UDRZBA,5/30/2020,9/23/2019,9
453,UDRZBA,5/18/2020,6/28/2020,181
454,REALIZACE,1/23/2020,8/25/2019,7
455,UDRZBA,10/16/2019,8/3/2019,189
456,REALIZACE,2/9/2020,3/30/2020,39
457,REALIZACE,2/20/2020,2/8/2020,151
458,UDRZBA,3/21/2020,5/5/2020,105
459,REALIZACE,12/10/2019,4/24/2020,89
460,UDRZBA,5/17/2020,9/3/2019,77
461,UDRZBA,5/17/2020,8/15/2019,92
462,REALIZACE,1/29/2020,10/4/2019,158
463,UDRZBA,12/3/2019,12/9/2019,147
464,REALIZACE,5/17/2020,8/28/2019,156
465,REALIZACE,6/14/2020,6/23/2020,154
466,UDRZBA,10/9/2019,12/10/2019,188
467,UDRZBA,3/26/2020,6/5/2020,59
468,UDRZBA,2/21/2020,9/5/2019,144
469,UDRZBA,8/29/2019,9/22/2019,42
470,UDRZBA,1/3/2020,11/4/2019,111
471,REALIZACE,1/29/2020,11/15/2019,133
472,UDRZBA,5/5/2020,9/27/2019,149
473,UDRZBA,1/13/2020,8/31/2019,4
474,UDRZBA,3/7/2020,4/2/2020,68
475,REALIZACE,5/1/2020,8/30/2019,190
476,REALIZACE,12/23/2019,2/8/2020,135
477,UDRZBA,6/10/2020,6/25/2020,132
478,REALIZACE,7/20/2019,9/18/2019,74
479,REALIZACE,6/21/2020,9/5/2019,95
480,REALIZACE,6/20/2020,9/12/2019,89
481,REALIZACE,5/13/2020,7/2/2020,123
482,UDRZBA,10/10/2019,2/18/2020,82
483,UDRZBA,10/16/2019,9/12/2019,51
484,UDRZBA,2/1/2020,4/28/2020,180
485,REALIZACE,11/27/2019,4/25/2020,106
486,REALIZACE,10/12/2019,3/22/2020,55
487,UDRZBA,1/27/2020,4/27/2020,176
488,UDRZBA,10/2/2019,12/16/2019,97
489,UDRZBA,1/17/2020,1/22/2020,59
490,REALIZACE,10/13/2019,2/26/2020,109
491,UDRZBA,2/24/2020,6/20/2020,27
492,REALIZACE,1/24/2020,9/4/2019,188
493,REALIZACE,12/26/2019,8/21/2019,87
494,UDRZBA,1/15/2020,3/6/2020,179
495,UDRZBA,10/22/2019,9/23/2019,133
496,UDRZBA,11/10/2019,6/7/2020,86
497,REALIZACE,4/6/2020,8/7/2019,29
498,UDRZBA,11/11/2019,7/23/2019,159
499,UDRZBA,12/30/2019,7/12/2019,173
500,UDRZBA,3/28/2020,5/22/2020,197
501,REALIZACE,6/10/2020,9/19/2019,69
502,UDRZBA,10/5/2019,7/10/2019,152
503,REALIZACE,11/30/2019,5/22/2020,135
504,REALIZACE,2/18/2020,7/7/2019,132
505,UDRZBA,3/4/2020,7/8/2019,79
506,UDRZBA,11/7/2019,4/2/2020,92
507,REALIZACE,1/24/2020,3/8/2020,19
508,UDRZBA,2/18/2020,5/4/2020,51
509,UDRZBA,11/13/2019,9/4/2019,162
510,REALIZACE,12/30/2019,5/11/2020,152
511,UDRZBA,1/14/2020,10/23/2019,33
512,UDRZBA,11/20/2019,2/5/2020,11
513,UDRZBA,4/3/2020,9/17/2019,26
514,REALIZACE,12/21/2019,6/29/2020,44
515,REALIZACE,7/16/2019,9/10/2019,74
516,UDRZBA,1/12/2020,7/5/2019,161
517,UDRZBA,2/25/2020,7/11/2019,128
518,UDRZBA,12/11/2019,9/26/2019,70
519,UDRZBA,1/19/2020,10/24/2019,137
520,REALIZACE,12/6/2019,9/15/2019,66
521,UDRZBA,10/24/2019,2/11/2020,49
522,UDRZBA,4/27/2020,8/14/2019,138
523,REALIZACE,3/22/2020,4/24/2020,10
524,UDRZBA,1/9/2020,4/18/2020,123
525,UDRZBA,2/12/2020,4/11/2020,187
526,REALIZACE,11/3/2019,9/9/2019,108
527,REALIZACE,10/6/2019,5/29/2020,129
528,UDRZBA,7/12/2019,9/9/2019,82
529,REALIZACE,12/10/2019,4/30/2020,34
530,UDRZBA,5/7/2020,9/9/2019,193
531,UDRZBA,12/11/2019,6/4/2020,64
532,UDRZBA,12/27/2019,5/22/2020,99
533,REALIZACE,12/17/2019,5/27/2020,98
534,UDRZBA,6/12/2020,9/15/2019,159
535,REALIZACE,8/20/2019,9/2/2019,4
536,UDRZBA,1/2/2020,6/5/2020,115
537,UDRZBA,10/29/2019,4/30/2020,43
538,UDRZBA,2/3/2020,6/16/2020,142
539,UDRZBA,2/28/2020,4/16/2020,12
540,REALIZACE,3/9/2020,8/11/2019,187
541,UDRZBA,7/28/2019,8/3/2019,171
542,UDRZBA,7/16/2019,8/19/2019,98
543,REALIZACE,6/30/2020,8/13/2019,112
544,REALIZACE,12/23/2019,2/20/2020,70
545,REALIZACE,12/14/2019,7/14/2019,135
546,REALIZACE,5/21/2020,6/23/2020,58
547,REALIZACE,3/11/2020,7/25/2019,81
548,REALIZACE,7/30/2019,7/9/2019,20
549,REALIZACE,10/21/2019,2/25/2020,5
550,REALIZACE,12/28/2019,4/21/2020,85
551,REALIZACE,5/19/2020,5/4/2020,6
552,UDRZBA,2/7/2020,6/11/2020,102
553,REALIZACE,2/21/2020,2/8/2020,47
554,REALIZACE,10/28/2019,9/7/2019,179
555,UDRZBA,6/30/2020,8/24/2019,182
556,UDRZBA,12/28/2019,3/7/2020,164
557,UDRZBA,2/1/2020,8/23/2019,7
558,REALIZACE,11/7/2019,7/7/2019,46
559,UDRZBA,2/11/2020,4/5/2020,188
560,REALIZACE,12/20/2019,3/19/2020,10
561,UDRZBA,1/30/2020,4/27/2020,143
562,UDRZBA,5/18/2020,8/9/2019,103
563,REALIZACE,12/9/2019,8/26/2019,27
564,UDRZBA,5/21/2020,5/4/2020,77
565,REALIZACE,1/29/2020,4/13/2020,13
566,UDRZBA,1/28/2020,12/10/2019,122
567,UDRZBA,3/28/2020,4/2/2020,37
568,REALIZACE,4/23/2020,5/20/2020,147
569,REALIZACE,1/28/2020,2/23/2020,38
570,UDRZBA,11/30/2019,5/5/2020,77
571,UDRZBA,6/3/2020,7/6/2019,78
572,UDRZBA,10/31/2019,4/15/2020,42
573,UDRZBA,7/13/2019,9/7/2019,177
574,UDRZBA,12/10/2019,4/13/2020,18
575,UDRZBA,4/9/2020,8/11/2019,27
576,UDRZBA,6/21/2020,7/18/2019,166
577,UDRZBA,1/27/2020,9/15/2019,141
578,UDRZBA,1/9/2020,2/22/2020,97
579,UDRZBA,4/5/2020,5/10/2020,179
580,UDRZBA,1/14/2020,7/26/2019,130
581,UDRZBA,1/31/2020,8/20/2019,66
582,UDRZBA,2/13/2020,5/16/2020,110
583,UDRZBA,10/7/2019,8/12/2019,59
584,UDRZBA,9/16/2019,9/3/2019,170
585,UDRZBA,6/10/2020,8/12/2019,67
586,UDRZBA,12/8/2019,5/13/2020,160
587,REALIZACE,12/5/2019,8/2/2019,161
588,REALIZACE,12/18/2019,7/11/2019,166
589,UDRZBA,10/25/2019,6/20/2020,142
590,REALIZACE,1/10/2020,10/22/2019,159
591,UDRZBA,12/12/2019,9/28/2019,135
592,REALIZACE,5/7/2020,6/12/2020,130
593,UDRZBA,10/1/2019,4/5/2020,115
594,UDRZBA,3/30/2020,7/17/2019,67
595,REALIZACE,6/30/2020,7/11/2019,145
596,UDRZBA,11/21/2019,2/11/2020,26
597,UDRZBA,3/20/2020,4/5/2020,8
598,REALIZACE,4/20/2020,7/21/2019,99
599,REALIZACE,12/21/2019,2/3/2020,170
600,REALIZACE,10/1/2019,12/8/2019,139
601,REALIZACE,5/25/2020,9/11/2019,118
602,UDRZBA,4/28/2020,7/11/2019,29
603,UDRZBA,3/5/2020,8/18/2019,53
604,REALIZACE,10/29/2019,7/17/2019,172
605,REALIZACE,1/23/2020,12/3/2019,131
606,UDRZBA,1/16/2020,11/11/2019,103
607,REALIZACE,4/29/2020,4/6/2020,200
608,REALIZACE,3/23/2020,6/8/2020,46
609,UDRZBA,11/17/2019,8/16/2019,139
610,REALIZACE,5/27/2020,9/26/2019,137
611,UDRZBA,1/20/2020,3/29/2020,140
612,REALIZACE,1/21/2020,2/10/2020,121
613,REALIZACE,7/8/2019,9/22/2019,197
614,REALIZACE,6/8/2020,7/4/2019,67
615,REALIZACE,2/18/2020,6/17/2020,123
616,REALIZACE,10/8/2019,6/7/2020,190
617,UDRZBA,2/5/2020,7/25/2019,190
618,REALIZACE,3/16/2020,6/1/2020,146
619,UDRZBA,10/24/2019,5/17/2020,21
620,UDRZBA,9/12/2019,9/15/2019,100
621,UDRZBA,8/23/2019,9/23/2019,121
622,UDRZBA,2/1/2020,8/11/2019,14
623,REALIZACE,1/14/2020,2/27/2020,98
624,REALIZACE,1/12/2020,4/24/2020,80
625,REALIZACE,1/10/2020,8/25/2019,164
626,UDRZBA,11/22/2019,4/14/2020,53
627,UDRZBA,1/11/2020,5/2/2020,97
628,REALIZACE,10/23/2019,7/10/2019,119
629,REALIZACE,1/7/2020,5/13/2020,84
630,REALIZACE,11/25/2019,8/19/2019,92
631,UDRZBA,1/19/2020,4/26/2020,56
632,REALIZACE,6/26/2020,7/20/2019,145
633,REALIZACE,3/18/2020,6/2/2020,97
634,UDRZBA,2/20/2020,9/10/2019,196
635,REALIZACE,6/1/2020,9/5/2019,141
636,REALIZACE,4/12/2020,6/10/2020,139
637,UDRZBA,1/10/2020,10/3/2019,151
638,UDRZBA,9/12/2019,9/18/2019,14
639,UDRZBA,5/14/2020,9/15/2019,93
640,REALIZACE,11/26/2019,7/9/2019,52
641,UDRZBA,11/23/2019,6/15/2020,123
642,UDRZBA,12/4/2019,5/29/2020,30
643,UDRZBA,1/20/2020,3/26/2020,80
644,UDRZBA,12/3/2019,5/31/2020,114
645,UDRZBA,5/5/2020,5/9/2020,69
646,REALIZACE,3/5/2020,5/31/2020,194
647,UDRZBA,1/4/2020,10/22/2019,183
648,REALIZACE,1/5/2020,12/10/2019,91
649,UDRZBA,10/1/2019,3/16/2020,63
650,REALIZACE,12/24/2019,2/7/2020,87
651,UDRZBA,2/16/2020,8/8/2019,131
652,UDRZBA,1/20/2020,11/13/2019,133
653,UDRZBA,5/19/2020,8/29/2019,64
654,UDRZBA,2/14/2020,7/18/2019,167
655,UDRZBA,10/7/2019,9/19/2019,170
656,REALIZACE,11/27/2019,4/27/2020,46
657,REALIZACE,10/24/2019,5/23/2020,133
658,UDRZBA,11/14/2019,11/22/2019,182
659,REALIZACE,10/29/2019,10/6/2019,101
660,REALIZACE,11/17/2019,7/13/2019,15
661,REALIZACE,12/7/2019,2/6/2020,165
662,REALIZACE,11/14/2019,6/11/2020,24
663,REALIZACE,10/14/2019,12/20/2019,8
664,REALIZACE,11/25/2019,7/30/2019,114
665,UDRZBA,11/6/2019,4/26/2020,146
666,UDRZBA,3/26/2020,4/14/2020,2
667,REALIZACE,11/24/2019,12/7/2019,101
668,REALIZACE,10/30/2019,3/21/2020,74
669,UDRZBA,2/18/2020,8/6/2019,93
670,UDRZBA,10/14/2019,10/20/2019,164
671,REALIZACE,2/8/2020,3/4/2020,112
672,UDRZBA,12/5/2019,3/26/2020,176
673,UDRZBA,1/21/2020,3/31/2020,104
674,UDRZBA,6/9/2020,7/27/2019,118
675,REALIZACE,4/20/2020,4/3/2020,101
676,UDRZBA,5/15/2020,6/18/2020,157
677,UDRZBA,5/20/2020,8/23/2019,144
678,UDRZBA,5/11/2020,8/30/2019,99
679,UDRZBA,1/3/2020,12/6/2019,83
680,REALIZACE,11/10/2019,11/15/2019,133
681,UDRZBA,10/8/2019,11/13/2019,27
682,UDRZBA,2/29/2020,5/20/2020,101
683,UDRZBA,1/12/2020,6/27/2020,24
684,REALIZACE,11/7/2019,4/20/2020,169
685,REALIZACE,10/8/2019,5/19/2020,13
686,REALIZACE,8/13/2019,8/16/2019,138
687,UDRZBA,11/12/2019,12/5/2019,127
688,UDRZBA,3/23/2020,6/6/2020,4
689,UDRZBA,12/26/2019,3/17/2020,190
690,REALIZACE,1/18/2020,6/23/2020,122
691,REALIZACE,2/4/2020,8/3/2019,13
692,REALIZACE,10/24/2019,8/7/2019,25
693,UDRZBA,8/19/2019,9/21/2019,60
694,REALIZACE,11/4/2019,12/6/2019,101
695,REALIZACE,8/8/2019,9/18/2019,67
696,UDRZBA,11/17/2019,4/18/2020,150
697,UDRZBA,3/17/2020,6/23/2020,187
698,UDRZBA,4/21/2020,6/17/2020,180
699,UDRZBA,2/22/2020,8/10/2019,158
700,UDRZBA,10/5/2019,12/9/2019,169
701,UDRZBA,4/2/2020,8/20/2019,168
702,UDRZBA,6/13/2020,8/25/2019,33
703,REALIZACE,3/3/2020,9/1/2019,21
704,UDRZBA,10/28/2019,5/7/2020,43
705,REALIZACE,10/28/2019,6/17/2020,10
706,UDRZBA,2/11/2020,4/13/2020,67
707,UDRZBA,1/23/2020,7/10/2019,51
708,UDRZBA,12/6/2019,3/9/2020,174
709,UDRZBA,1/27/2020,2/18/2020,15
710,UDRZBA,3/7/2020,7/29/2019,70
711,REALIZACE,4/22/2020,6/12/2020,54
712,UDRZBA,1/5/2020,8/26/2019,90
713,REALIZACE,12/31/2019,9/5/2019,45
714,REALIZACE,1/13/2020,7/21/2019,95
715,REALIZACE,2/22/2020,8/18/2019,91
716,REALIZACE,10/11/2019,2/29/2020,18
717,UDRZBA,1/7/2020,7/18/2019,179
718,UDRZBA,1/31/2020,8/15/2019,16
719,UDRZBA,10/11/2019,11/1/2019,57
720,REALIZACE,10/25/2019,8/31/2019,19
721,REALIZACE,1/19/2020,1/29/2020,10
722,REALIZACE,8/13/2019,9/3/2019,50
723,UDRZBA,4/22/2020,8/5/2019,149
724,REALIZACE,12/20/2019,2/7/2020,144
725,UDRZBA,4/15/2020,5/8/2020,78
726,UDRZBA,5/25/2020,6/1/2020,59
727,UDRZBA,1/8/2020,4/6/2020,67
728,UDRZBA,2/22/2020,8/12/2019,158
729,UDRZBA,5/30/2020,9/22/2019,140
730,UDRZBA,2/10/2020,9/12/2019,72
731,UDRZBA,12/2/2019,2/9/2020,129
732,UDRZBA,10/16/2019,8/1/2019,33
733,UDRZBA,11/14/2019,2/26/2020,198
734,REALIZACE,10/19/2019,4/10/2020,45
735,UDRZBA,4/28/2020,5/24/2020,115
736,UDRZBA,1/12/2020,8/10/2019,170
737,REALIZACE,1/13/2020,12/13/2019,4
738,UDRZBA,4/21/2020,9/30/2019,84
739,REALIZACE,10/13/2019,12/6/2019,86
740,UDRZBA,1/16/2020,8/7/2019,148
741,REALIZACE,1/28/2020,3/24/2020,167
742,UDRZBA,10/28/2019,10/7/2019,174
743,UDRZBA,5/5/2020,8/1/2019,92
744,REALIZACE,2/29/2020,7/14/2019,161
745,REALIZACE,2/11/2020,6/4/2020,168
746,REALIZACE,11/24/2019,3/12/2020,20
747,UDRZBA,1/17/2020,9/25/2019,161
748,REALIZACE,7/30/2019,8/5/2019,2
749,UDRZBA,4/18/2020,9/6/2019,163
750,REALIZACE,2/2/2020,5/27/2020,70
751,REALIZACE,2/7/2020,8/27/2019,28
752,REALIZACE,1/12/2020,6/27/2020,15
753,REALIZACE,4/27/2020,5/24/2020,128
754,REALIZACE,12/7/2019,6/15/2020,10
755,REALIZACE,3/16/2020,7/5/2019,32
756,UDRZBA,12/2/2019,3/10/2020,149
757,REALIZACE,12/11/2019,3/8/2020,187
758,UDRZBA,10/14/2019,11/18/2019,60
759,UDRZBA,2/5/2020,2/6/2020,103
760,UDRZBA,1/4/2020,11/3/2019,169
761,UDRZBA,1/10/2020,11/7/2019,89
762,REALIZACE,1/7/2020,12/22/2019,28
763,REALIZACE,10/4/2019,4/20/2020,62
764,UDRZBA,6/10/2020,6/16/2020,96
765,UDRZBA,12/7/2019,7/26/2019,24
766,UDRZBA,12/15/2019,4/21/2020,32
767,UDRZBA,10/25/2019,12/20/2019,125
768,UDRZBA,12/22/2019,6/11/2020,80
769,UDRZBA,4/15/2020,7/13/2019,96
770,REALIZACE,4/1/2020,7/8/2019,28
771,REALIZACE,9/20/2019,9/22/2019,164
772,REALIZACE,1/14/2020,2/2/2020,89
773,UDRZBA,8/26/2019,9/16/2019,88
774,REALIZACE,4/8/2020,6/22/2020,82
775,UDRZBA,2/20/2020,5/23/2020,72
776,UDRZBA,6/5/2020,7/19/2019,41
777,REALIZACE,10/29/2019,6/9/2020,151
778,REALIZACE,12/26/2019,6/22/2020,69
779,REALIZACE,10/24/2019,3/5/2020,87
780,REALIZACE,3/27/2020,5/21/2020,28
781,REALIZACE,11/6/2019,5/26/2020,107
782,REALIZACE,6/2/2020,9/24/2019,102
783,UDRZBA,1/4/2020,4/8/2020,194
784,REALIZACE,7/29/2019,8/12/2019,93
785,REALIZACE,6/4/2020,8/1/2019,57
786,REALIZACE,10/15/2019,6/12/2020,191
787,REALIZACE,10/15/2019,4/30/2020,47
788,REALIZACE,4/29/2020,6/29/2020,92
789,UDRZBA,10/17/2019,10/5/2019,61
790,UDRZBA,1/26/2020,10/3/2019,120
791,REALIZACE,3/31/2020,9/19/2019,75
792,UDRZBA,1/31/2020,5/26/2020,178
793,REALIZACE,12/28/2019,9/11/2019,132
794,UDRZBA,5/1/2020,7/17/2019,73
795,UDRZBA,11/7/2019,7/12/2019,154
796,REALIZACE,5/22/2020,7/28/2019,88
797,REALIZACE,2/23/2020,7/10/2019,109
798,UDRZBA,10/12/2019,2/29/2020,159
799,REALIZACE,2/2/2020,3/3/2020,119
800,UDRZBA,10/23/2019,7/22/2019,35
