<?xml version = '1.0' encoding = 'UTF-8'?>
<Diagram class="oracle.dbtools.crest.swingui.relational.DPVRelationalSubView" name="From_LM_Logical - SubView_5" id="03487E82-9A9A-6C90-5540-DAB31EBC803C">
<createdBy>kubak182</createdBy>
<modifiedBy>kubak182</modifiedBy>
<createdTime>2020-06-27 15:16:42 UTC</createdTime>
<autoRoute>false</autoRoute>
<boxInbox>true</boxInbox>
<showLegend>false</showLegend>
<showLabels>false</showLabels>
<showRelAttributes>false</showRelAttributes>
<gridEnabled>false</gridEnabled>
<showGrid>false</showGrid>
<diagramColor>-1</diagramColor>
<display>false</display>
<generatorId>AB65CA80-01AD-7673-6C6C-AB926DE8B89A</generatorId>
<notation>1</notation>
<objectViews>
<OView class="oracle.dbtools.crest.swingui.relational.TVTable" oid="122ECB66-C4C7-23BB-BB73-1D53D068E8D7" otype="Table" vid="B1924A23-074B-2575-A15C-7E81A78DF108">
<hideElementsInCurrentOnly>false</hideElementsInCurrentOnly>
<bounds x="371" y="249" width="181" height="93"/>
<generatorID>487F15CE-F6A3-D638-6D22-25B76539AD5E</generatorID>
</OView>
</objectViews>
</Diagram>
