<?xml version = '1.0' encoding = 'UTF-8'?>
<Diagram class="oracle.dbtools.crest.swingui.relational.DPVRelationalSubView" name="From_LM_Logical - SubView_4" id="198EF261-E0D2-3B41-6270-A2D5C19D9727">
<createdBy>kubak182</createdBy>
<modifiedBy>kubak182</modifiedBy>
<createdTime>2020-06-27 15:16:42 UTC</createdTime>
<autoRoute>false</autoRoute>
<boxInbox>true</boxInbox>
<showLegend>false</showLegend>
<showLabels>false</showLabels>
<showRelAttributes>false</showRelAttributes>
<gridEnabled>false</gridEnabled>
<showGrid>false</showGrid>
<diagramColor>-1</diagramColor>
<display>false</display>
<generatorId>3FA1DD8C-05BA-AC28-286A-1CA696C4019A</generatorId>
<notation>1</notation>
<objectViews>
<OView class="oracle.dbtools.crest.swingui.relational.TVTable" oid="122ECB66-C4C7-23BB-BB73-1D53D068E8D7" otype="Table" vid="7C1F9DB0-25EB-29E1-2A93-444B7A5A00EB">
<hideElementsInCurrentOnly>false</hideElementsInCurrentOnly>
<bounds x="637" y="483" width="181" height="93"/>
<generatorID>84D90D9D-BB18-594B-2B4A-724744D6D43E</generatorID>
</OView>
</objectViews>
</Diagram>
