<?xml version = '1.0' encoding = 'UTF-8'?>
<Diagram class="oracle.dbtools.crest.swingui.relational.DPVRelational" name="FIRST" id="5C57F7D9-AAD7-72F0-EB71-99F6B6937967">
<createdBy>kubak182</createdBy>
<modifiedBy>kubak182</modifiedBy>
<createdTime>2020-06-27 15:11:17 UTC</createdTime>
<autoRoute>false</autoRoute>
<boxInbox>true</boxInbox>
<showLegend>false</showLegend>
<showLabels>false</showLabels>
<showRelAttributes>false</showRelAttributes>
<gridEnabled>false</gridEnabled>
<showGrid>false</showGrid>
<diagramColor>-1</diagramColor>
<display>false</display>
<notation>1</notation>
<objectViews>
<OView class="oracle.dbtools.crest.swingui.relational.TVTable" oid="122ECB66-C4C7-23BB-BB73-1D53D068E8D7" otype="Table" vid="F4A7312B-8189-4983-8C58-ABBE1C3598BB">
<hideElementsInCurrentOnly>false</hideElementsInCurrentOnly>
<bounds x="637" y="483" width="181" height="93"/>
</OView>
<OView class="oracle.dbtools.crest.swingui.relational.TVTable" oid="13BE2CDE-EC0F-4348-5D12-35383463204C" otype="Table" vid="591200FF-4E54-9E2D-3DDB-8F50EF557409">
<hideElementsInCurrentOnly>false</hideElementsInCurrentOnly>
<bounds x="32" y="658" width="141" height="84"/>
</OView>
<OView class="oracle.dbtools.crest.swingui.relational.TVTable" oid="2EEC38E5-BF56-E568-EFA2-F3B44FB24FFA" otype="Table" vid="8A334BB5-4977-0061-8FF1-2DE72A8EDB9E">
<hideElementsInCurrentOnly>false</hideElementsInCurrentOnly>
<bounds x="918" y="238" width="170" height="67"/>
</OView>
<OView class="oracle.dbtools.crest.swingui.relational.TVTable" oid="444A292B-1DC6-FEBF-B447-35012D496982" otype="Table" vid="734C2590-05ED-928F-59FC-BD1924FA02C7">
<hideElementsInCurrentOnly>false</hideElementsInCurrentOnly>
<bounds x="343" y="555" width="125" height="46"/>
</OView>
<OView class="oracle.dbtools.crest.swingui.relational.TVTable" oid="5697C87E-AAA2-9EF9-BEAB-468B104F78BE" otype="Table" vid="011B330C-F021-028C-8680-163681888D52">
<hideElementsInCurrentOnly>false</hideElementsInCurrentOnly>
<bounds x="256" y="461" width="163" height="73"/>
</OView>
<OView class="oracle.dbtools.crest.swingui.relational.TVTable" oid="5987751A-2471-F2CF-AB56-BC24740222D4" otype="Table" vid="B8B05D90-E09D-BB70-F5A0-086E0337797E">
<hideElementsInCurrentOnly>false</hideElementsInCurrentOnly>
<bounds x="387" y="0" width="145" height="96"/>
</OView>
<OView class="oracle.dbtools.crest.swingui.relational.TVTable" oid="7CAD58D2-5EEF-885C-15D2-E38641663CC6" otype="Table" vid="491C78A8-7928-62EF-E658-FC83A047D061">
<hideElementsInCurrentOnly>false</hideElementsInCurrentOnly>
<bounds x="846" y="95" width="207" height="110"/>
</OView>
<OView class="oracle.dbtools.crest.swingui.relational.TVTable" oid="816C3BBF-9410-58CD-1D38-4A7A4E433832" otype="Table" vid="22309A3D-95E2-7C27-A6FD-D7C07CBC2ACE">
<hideElementsInCurrentOnly>false</hideElementsInCurrentOnly>
<bounds x="19" y="462" width="164" height="332"/>
</OView>
<OView class="oracle.dbtools.crest.swingui.relational.TVTable" oid="88E708DC-FE8E-9205-0267-4A2DA532CA10" otype="Table" vid="C5A6140A-2B71-DB54-9777-B40307F69090">
<hideElementsInCurrentOnly>false</hideElementsInCurrentOnly>
<bounds x="683" y="650" width="93" height="63"/>
</OView>
<OView class="oracle.dbtools.crest.swingui.relational.TVTable" oid="949D742E-F51A-DC62-7897-A4A454C4722F" otype="Table" vid="8E93FCA2-BBCA-860E-FBD2-5E2AAF95CE55">
<hideElementsInCurrentOnly>false</hideElementsInCurrentOnly>
<bounds x="785" y="359" width="130" height="75"/>
</OView>
<OView class="oracle.dbtools.crest.swingui.relational.TVTable" oid="9560664B-7FB9-D066-F0EB-CD7E3FC97845" otype="Table" vid="2D8D9930-A9EE-6C70-B5D4-A90059A80889">
<hideElementsInCurrentOnly>false</hideElementsInCurrentOnly>
<bounds x="543" y="143" width="166" height="89"/>
</OView>
<OView class="oracle.dbtools.crest.swingui.relational.TVTable" oid="98BF3693-F4FC-6516-68F3-36CDCACA271C" otype="Table" vid="6F7FA70B-93F5-BB3E-A246-16D6AE667EB8">
<hideElementsInCurrentOnly>false</hideElementsInCurrentOnly>
<bounds x="798" y="2" width="170" height="76"/>
</OView>
<OView class="oracle.dbtools.crest.swingui.relational.TVTable" oid="9AE30CDD-9C27-B74C-1C26-40F27FF71231" otype="Table" vid="D8A0620A-54FB-FDCE-250D-E01D163F442F">
<hideElementsInCurrentOnly>false</hideElementsInCurrentOnly>
<bounds x="154" y="300" width="128" height="98"/>
</OView>
<OView class="oracle.dbtools.crest.swingui.relational.TVTable" oid="A08ECF32-331E-1867-6A4F-3CC17204EF1A" otype="Table" vid="0FCA21C8-6B39-02E7-4440-D692713ECA31">
<hideElementsInCurrentOnly>false</hideElementsInCurrentOnly>
<bounds x="811" y="648" width="92" height="68"/>
</OView>
<OView class="oracle.dbtools.crest.swingui.relational.TVTable" oid="A695C058-A024-4843-9C2D-34BE87C22893" otype="Table" vid="2889C8C4-01F8-7A35-9E4D-40639B999104">
<hideElementsInCurrentOnly>false</hideElementsInCurrentOnly>
<bounds x="42" y="567" width="114" height="73"/>
</OView>
<OView class="oracle.dbtools.crest.swingui.relational.TVTable" oid="A90CF5E3-7E44-70AA-6813-D5438266814B" otype="Table" vid="AA79C8D5-15A4-EA14-DF7B-EF347C85E048">
<hideElementsInCurrentOnly>false</hideElementsInCurrentOnly>
<bounds x="15" y="50" width="170" height="110"/>
</OView>
<OView class="oracle.dbtools.crest.swingui.relational.TVTable" oid="AF75CA9B-EE53-CB20-1514-0D08EE7FD7A1" otype="Table" vid="054D11AA-E87E-0ED7-3A48-40DB9809D9F4">
<hideElementsInCurrentOnly>false</hideElementsInCurrentOnly>
<bounds x="574" y="354" width="139" height="76"/>
</OView>
<OView class="oracle.dbtools.crest.swingui.relational.TVTable" oid="C1CE97DE-E116-517E-6370-1C3944B6573B" otype="Table" vid="636490C9-EE27-D8AA-6C61-F049E75C12D8">
<hideElementsInCurrentOnly>false</hideElementsInCurrentOnly>
<bounds x="233" y="127" width="133" height="154"/>
</OView>
<OView class="oracle.dbtools.crest.swingui.relational.TVTable" oid="CF4051DE-858B-2945-37F4-F22E5250A31C" otype="Table" vid="B0BE6815-DF51-8172-C7AC-8573EB2C5FF4">
<hideElementsInCurrentOnly>false</hideElementsInCurrentOnly>
<bounds x="889" y="466" width="118" height="66"/>
</OView>
<OView class="oracle.dbtools.crest.swingui.relational.TVTable" oid="D53437A0-6E43-903E-40B2-16020CB6E76F" otype="Table" vid="AD990630-09C8-9D52-10EC-D97133EAD58D">
<hideElementsInCurrentOnly>false</hideElementsInCurrentOnly>
<bounds x="405" y="271" width="139" height="81"/>
</OView>
</objectViews>
<connectors>
<Connector class="oracle.dbtools.crest.swingui.relational.TVFKRelation" oid="1A65B95D-5E3E-0A53-BA28-9F1DC95F5839" otype="FKIndexAssociation" vid_source="AA79C8D5-15A4-EA14-DF7B-EF347C85E048" vid_target="B8B05D90-E09D-BB70-F5A0-086E0337797E">
<hideElementsInCurrentOnly>false</hideElementsInCurrentOnly>
<backgroundColor>-16777216</backgroundColor>
<lineWidth>1</lineWidth>
<points>
<point x="185" y="58"/>
<point x="387" y="59"/>
</points>
</Connector>
<Connector class="oracle.dbtools.crest.swingui.relational.TVFKRelation" oid="3F8387AE-F972-C3B1-7A4C-AB297C85B44D" otype="FKIndexAssociation" vid_source="22309A3D-95E2-7C27-A6FD-D7C07CBC2ACE" vid_target="734C2590-05ED-928F-59FC-BD1924FA02C7">
<hideElementsInCurrentOnly>false</hideElementsInCurrentOnly>
<backgroundColor>-16777216</backgroundColor>
<lineWidth>1</lineWidth>
<points>
<point x="183" y="578"/>
<point x="343" y="578"/>
</points>
</Connector>
<Connector class="oracle.dbtools.crest.swingui.relational.TVFKRelation" oid="4A4D4027-72BE-82D4-CB4E-93B9AF25C837" otype="FKIndexAssociation" vid_source="011B330C-F021-028C-8680-163681888D52" vid_target="AD990630-09C8-9D52-10EC-D97133EAD58D">
<hideElementsInCurrentOnly>false</hideElementsInCurrentOnly>
<backgroundColor>-16777216</backgroundColor>
<lineWidth>1</lineWidth>
<points>
<point x="412" y="461"/>
<point x="412" y="352"/>
</points>
</Connector>
<Connector class="oracle.dbtools.crest.swingui.relational.TVFKRelation" oid="519800CB-A3E4-84D2-8B01-36757AC4D941" otype="FKIndexAssociation" vid_source="636490C9-EE27-D8AA-6C61-F049E75C12D8" vid_target="D8A0620A-54FB-FDCE-250D-E01D163F442F">
<hideElementsInCurrentOnly>false</hideElementsInCurrentOnly>
<backgroundColor>-16777216</backgroundColor>
<lineWidth>1</lineWidth>
<points>
<point x="272" y="281"/>
<point x="272" y="300"/>
</points>
</Connector>
<Connector class="oracle.dbtools.crest.swingui.relational.TVFKRelation" oid="5597D0BE-B6B2-62F2-66FA-6E0DB105FA9B" otype="FKIndexAssociation" vid_source="011B330C-F021-028C-8680-163681888D52" vid_target="F4A7312B-8189-4983-8C58-ABBE1C3598BB">
<hideElementsInCurrentOnly>false</hideElementsInCurrentOnly>
<backgroundColor>-16777216</backgroundColor>
<lineWidth>1</lineWidth>
<points>
<point x="419" y="493"/>
<point x="637" y="493"/>
</points>
</Connector>
<Connector class="oracle.dbtools.crest.swingui.relational.TVFKRelation" oid="63BCC68B-66CD-C7C3-1982-32169BC461AD" otype="FKIndexAssociation" vid_source="011B330C-F021-028C-8680-163681888D52" vid_target="734C2590-05ED-928F-59FC-BD1924FA02C7">
<hideElementsInCurrentOnly>false</hideElementsInCurrentOnly>
<backgroundColor>-16777216</backgroundColor>
<lineWidth>1</lineWidth>
<points>
<point x="381" y="534"/>
<point x="381" y="555"/>
</points>
</Connector>
<Connector class="oracle.dbtools.crest.swingui.relational.TVFKRelation" oid="677DA81A-6908-DEEE-66C9-DFF12148FFD5" otype="FKIndexAssociation" vid_source="B8B05D90-E09D-BB70-F5A0-086E0337797E" vid_target="2D8D9930-A9EE-6C70-B5D4-A90059A80889">
<hideElementsInCurrentOnly>false</hideElementsInCurrentOnly>
<backgroundColor>-16777216</backgroundColor>
<lineWidth>1</lineWidth>
<points>
<point x="516" y="96"/>
<point x="572" y="143"/>
</points>
</Connector>
<Connector class="oracle.dbtools.crest.swingui.relational.TVFKRelation" oid="67B6B405-2601-1B1B-63E8-482CDEE64A81" otype="FKIndexAssociation" vid_source="8E93FCA2-BBCA-860E-FBD2-5E2AAF95CE55" vid_target="8A334BB5-4977-0061-8FF1-2DE72A8EDB9E">
<hideElementsInCurrentOnly>false</hideElementsInCurrentOnly>
<backgroundColor>-16777216</backgroundColor>
<lineWidth>1</lineWidth>
<points>
<point x="895" y="359"/>
<point x="961" y="305"/>
</points>
</Connector>
<Connector class="oracle.dbtools.crest.swingui.relational.TVFKRelation" oid="69E295E9-A96B-DF67-5E5B-F39F56647EC4" otype="FKIndexAssociation" vid_source="B8B05D90-E09D-BB70-F5A0-086E0337797E" vid_target="491C78A8-7928-62EF-E658-FC83A047D061">
<hideElementsInCurrentOnly>false</hideElementsInCurrentOnly>
<backgroundColor>-16777216</backgroundColor>
<lineWidth>1</lineWidth>
<points>
<point x="532" y="51"/>
<point x="846" y="95"/>
</points>
</Connector>
<Connector class="oracle.dbtools.crest.swingui.relational.TVFKRelation" oid="726307FB-A776-072A-9903-F89749912039" otype="FKIndexAssociation" vid_source="AA79C8D5-15A4-EA14-DF7B-EF347C85E048" vid_target="2889C8C4-01F8-7A35-9E4D-40639B999104">
<hideElementsInCurrentOnly>false</hideElementsInCurrentOnly>
<backgroundColor>-16777216</backgroundColor>
<lineWidth>1</lineWidth>
<points>
<point x="114" y="160"/>
<point x="114" y="567"/>
</points>
</Connector>
<Connector class="oracle.dbtools.crest.swingui.relational.TVFKRelation" oid="93B3BDCE-262E-D26C-ACF9-2F44A5C765B9" otype="FKIndexAssociation" vid_source="22309A3D-95E2-7C27-A6FD-D7C07CBC2ACE" vid_target="2889C8C4-01F8-7A35-9E4D-40639B999104">
<hideElementsInCurrentOnly>false</hideElementsInCurrentOnly>
<backgroundColor>-16777216</backgroundColor>
<lineWidth>1</lineWidth>
<points>
<point x="232" y="603"/>
<point x="156" y="603"/>
</points>
</Connector>
<Connector class="oracle.dbtools.crest.swingui.relational.TVFKRelation" oid="972F5500-CACB-9178-E37D-F5BA20F970E6" otype="FKIndexAssociation" vid_source="2D8D9930-A9EE-6C70-B5D4-A90059A80889" vid_target="AD990630-09C8-9D52-10EC-D97133EAD58D">
<hideElementsInCurrentOnly>false</hideElementsInCurrentOnly>
<backgroundColor>-16777216</backgroundColor>
<lineWidth>1</lineWidth>
<points>
<point x="543" y="232"/>
<point x="543" y="271"/>
</points>
</Connector>
<Connector class="oracle.dbtools.crest.swingui.relational.TVFKRelation" oid="A710CAEF-1772-3A4A-A884-252B1FCBF562" otype="FKIndexAssociation" vid_source="B8B05D90-E09D-BB70-F5A0-086E0337797E" vid_target="636490C9-EE27-D8AA-6C61-F049E75C12D8">
<hideElementsInCurrentOnly>false</hideElementsInCurrentOnly>
<backgroundColor>-16777216</backgroundColor>
<lineWidth>1</lineWidth>
<points>
<point x="410" y="96"/>
<point x="321" y="127"/>
</points>
</Connector>
<Connector class="oracle.dbtools.crest.swingui.relational.TVFKRelation" oid="A8F66775-DB76-7E62-C9F7-CF40EEEA0E53" otype="FKIndexAssociation" vid_source="6F7FA70B-93F5-BB3E-A246-16D6AE667EB8" vid_target="B8B05D90-E09D-BB70-F5A0-086E0337797E">
<hideElementsInCurrentOnly>false</hideElementsInCurrentOnly>
<backgroundColor>-16777216</backgroundColor>
<lineWidth>1</lineWidth>
<points>
<point x="798" y="40"/>
<point x="532" y="35"/>
</points>
</Connector>
<Connector class="oracle.dbtools.crest.swingui.relational.TVFKRelation" oid="AB180A5C-9240-BC59-3F75-1A7627E9C235" otype="FKIndexAssociation" vid_source="F4A7312B-8189-4983-8C58-ABBE1C3598BB" vid_target="C5A6140A-2B71-DB54-9777-B40307F69090">
<hideElementsInCurrentOnly>false</hideElementsInCurrentOnly>
<backgroundColor>-16777216</backgroundColor>
<lineWidth>1</lineWidth>
<points>
<point x="729" y="576"/>
<point x="729" y="650"/>
</points>
</Connector>
<Connector class="oracle.dbtools.crest.swingui.relational.TVFKRelation" oid="AECDAF67-14B5-EC96-B65F-D4AFA2FC65AE" otype="FKIndexAssociation" vid_source="011B330C-F021-028C-8680-163681888D52" vid_target="D8A0620A-54FB-FDCE-250D-E01D163F442F">
<hideElementsInCurrentOnly>false</hideElementsInCurrentOnly>
<backgroundColor>-16777216</backgroundColor>
<lineWidth>1</lineWidth>
<points>
<point x="269" y="461"/>
<point x="269" y="398"/>
</points>
</Connector>
<Connector class="oracle.dbtools.crest.swingui.relational.TVFKRelation" oid="B3E8773D-80B9-DE23-7C66-F8D402574244" otype="FKIndexAssociation" vid_source="F4A7312B-8189-4983-8C58-ABBE1C3598BB" vid_target="0FCA21C8-6B39-02E7-4440-D692713ECA31">
<hideElementsInCurrentOnly>false</hideElementsInCurrentOnly>
<backgroundColor>-16777216</backgroundColor>
<lineWidth>1</lineWidth>
<points>
<point x="814" y="576"/>
<point x="814" y="648"/>
</points>
</Connector>
<Connector class="oracle.dbtools.crest.swingui.relational.TVFKRelation" oid="B8783C32-C844-CACE-9DAD-30FBBC753C1A" otype="FKIndexAssociation" vid_source="011B330C-F021-028C-8680-163681888D52" vid_target="054D11AA-E87E-0ED7-3A48-40DB9809D9F4">
<hideElementsInCurrentOnly>false</hideElementsInCurrentOnly>
<backgroundColor>-16777216</backgroundColor>
<lineWidth>1</lineWidth>
<points>
<point x="419" y="461"/>
<point x="574" y="430"/>
</points>
</Connector>
<Connector class="oracle.dbtools.crest.swingui.relational.TVFKRelation" oid="E0BB7EF7-2844-1683-C183-1EE5BEB7CE58" otype="FKIndexAssociation" vid_source="B0BE6815-DF51-8172-C7AC-8573EB2C5FF4" vid_target="F4A7312B-8189-4983-8C58-ABBE1C3598BB">
<hideElementsInCurrentOnly>false</hideElementsInCurrentOnly>
<backgroundColor>-16777216</backgroundColor>
<lineWidth>1</lineWidth>
<points>
<point x="889" y="507"/>
<point x="818" y="507"/>
</points>
</Connector>
<Connector class="oracle.dbtools.crest.swingui.relational.TVFKRelation" oid="E7B75007-E403-5919-9869-1E498F3CC024" otype="FKIndexAssociation" vid_source="491C78A8-7928-62EF-E658-FC83A047D061" vid_target="8A334BB5-4977-0061-8FF1-2DE72A8EDB9E">
<hideElementsInCurrentOnly>false</hideElementsInCurrentOnly>
<backgroundColor>-16777216</backgroundColor>
<lineWidth>1</lineWidth>
<points>
<point x="985" y="205"/>
<point x="985" y="238"/>
</points>
</Connector>
<Connector class="oracle.dbtools.crest.swingui.relational.TVFKRelation" oid="E922AA6B-8DF8-5C24-130D-9238F12EC939" otype="FKIndexAssociation" vid_source="AA79C8D5-15A4-EA14-DF7B-EF347C85E048" vid_target="22309A3D-95E2-7C27-A6FD-D7C07CBC2ACE">
<hideElementsInCurrentOnly>false</hideElementsInCurrentOnly>
<backgroundColor>-16777216</backgroundColor>
<lineWidth>1</lineWidth>
<points>
<point x="101" y="160"/>
<point x="101" y="462"/>
</points>
</Connector>
<Connector class="oracle.dbtools.crest.swingui.relational.TVFKRelation" oid="E928311E-FC14-E172-29EF-DC9ADD53CB06" otype="FKIndexAssociation" vid_source="22309A3D-95E2-7C27-A6FD-D7C07CBC2ACE" vid_target="591200FF-4E54-9E2D-3DDB-8F50EF557409">
<hideElementsInCurrentOnly>false</hideElementsInCurrentOnly>
<backgroundColor>-16777216</backgroundColor>
<lineWidth>1</lineWidth>
<points>
<point x="232" y="713"/>
<point x="173" y="713"/>
</points>
</Connector>
<Connector class="oracle.dbtools.crest.swingui.relational.TVFKRelation" oid="FFBD20E7-DD66-63A4-F3CF-B263DA5B5CA3" otype="FKIndexAssociation" vid_source="8E93FCA2-BBCA-860E-FBD2-5E2AAF95CE55" vid_target="054D11AA-E87E-0ED7-3A48-40DB9809D9F4">
<hideElementsInCurrentOnly>false</hideElementsInCurrentOnly>
<backgroundColor>-16777216</backgroundColor>
<lineWidth>1</lineWidth>
<points>
<point x="785" y="394"/>
<point x="713" y="394"/>
</points>
</Connector>
</connectors>
<arcs>
<Arc class="oracle.dbtools.crest.swingui.relational.TVFKArc" oid="298BFA58-F83D-1522-F299-E86CD2356CAB" otype="FKArc" vid="5D32CD3C-AB32-22BE-59A6-BEEA3E864FAC">
<hideElementsInCurrentOnly>false</hideElementsInCurrentOnly>
<bounds x="-1" y="442" width="204" height="372"/>
</Arc>
<Arc class="oracle.dbtools.crest.swingui.relational.TVFKArc" oid="B577219A-115C-24B4-5F76-C2ACC8BDFA35" otype="FKArc" vid="3DBF9FA4-DF5C-DF67-E7A6-8155D1D9F121">
<hideElementsInCurrentOnly>false</hideElementsInCurrentOnly>
<bounds x="617" y="463" width="221" height="133"/>
</Arc>
</arcs>
<displays>
<Display class="oracle.dbtools.crest.swingui.relational.DPVRelational" name="Display_1" id="1618177C-8871-558F-341D-1D8EAB5E604B">
<createdBy>kubak182</createdBy>
<modifiedBy>kubak182</modifiedBy>
<createdTime>2020-06-27 16:24:33 UTC</createdTime>
<autoRoute>false</autoRoute>
<boxInbox>true</boxInbox>
<showLegend>false</showLegend>
<showLabels>false</showLabels>
<showRelAttributes>false</showRelAttributes>
<gridEnabled>false</gridEnabled>
<showGrid>false</showGrid>
<diagramColor>-1</diagramColor>
<display>true</display>
<notation>1</notation>
<objectViews>
<OView class="oracle.dbtools.crest.swingui.relational.TVTable" oid="122ECB66-C4C7-23BB-BB73-1D53D068E8D7" otype="Table" vid="EE098A50-E533-AFDC-88CE-60343D1EBC67">
<hideElementsInCurrentOnly>false</hideElementsInCurrentOnly>
<bounds x="637" y="483" width="181" height="93"/>
</OView>
<OView class="oracle.dbtools.crest.swingui.relational.TVTable" oid="13BE2CDE-EC0F-4348-5D12-35383463204C" otype="Table" vid="0596009F-E9F2-2A7F-D347-0F67671E06D9">
<hideElementsInCurrentOnly>false</hideElementsInCurrentOnly>
<bounds x="32" y="658" width="141" height="84"/>
</OView>
<OView class="oracle.dbtools.crest.swingui.relational.TVTable" oid="2EEC38E5-BF56-E568-EFA2-F3B44FB24FFA" otype="Table" vid="2EAF9C73-ACA8-186A-B65E-8C661BFA6181">
<hideElementsInCurrentOnly>false</hideElementsInCurrentOnly>
<bounds x="918" y="238" width="170" height="67"/>
</OView>
<OView class="oracle.dbtools.crest.swingui.relational.TVTable" oid="444A292B-1DC6-FEBF-B447-35012D496982" otype="Table" vid="00339C8E-A17A-9CB9-E95E-7086417F7398">
<hideElementsInCurrentOnly>false</hideElementsInCurrentOnly>
<bounds x="343" y="555" width="125" height="46"/>
</OView>
<OView class="oracle.dbtools.crest.swingui.relational.TVTable" oid="5697C87E-AAA2-9EF9-BEAB-468B104F78BE" otype="Table" vid="28E6D61A-F766-A15D-4EDC-2304313421F1">
<hideElementsInCurrentOnly>false</hideElementsInCurrentOnly>
<bounds x="256" y="461" width="163" height="73"/>
</OView>
<OView class="oracle.dbtools.crest.swingui.relational.TVTable" oid="5987751A-2471-F2CF-AB56-BC24740222D4" otype="Table" vid="2DA2734B-8CFE-8205-2829-52E5CD0B58AC">
<hideElementsInCurrentOnly>false</hideElementsInCurrentOnly>
<bounds x="387" y="0" width="145" height="96"/>
</OView>
<OView class="oracle.dbtools.crest.swingui.relational.TVTable" oid="7CAD58D2-5EEF-885C-15D2-E38641663CC6" otype="Table" vid="85D30C0E-E9B7-0C08-DE06-93FD2E517754">
<hideElementsInCurrentOnly>false</hideElementsInCurrentOnly>
<bounds x="846" y="95" width="207" height="110"/>
</OView>
<OView class="oracle.dbtools.crest.swingui.relational.TVTable" oid="816C3BBF-9410-58CD-1D38-4A7A4E433832" otype="Table" vid="F274639D-4A56-0031-7ACF-16E4EA8DF68A">
<hideElementsInCurrentOnly>false</hideElementsInCurrentOnly>
<bounds x="19" y="462" width="164" height="332"/>
</OView>
<OView class="oracle.dbtools.crest.swingui.relational.TVTable" oid="88E708DC-FE8E-9205-0267-4A2DA532CA10" otype="Table" vid="EFDDE5C8-4940-64FC-8FDE-E1764083F35F">
<hideElementsInCurrentOnly>false</hideElementsInCurrentOnly>
<bounds x="683" y="650" width="93" height="63"/>
</OView>
<OView class="oracle.dbtools.crest.swingui.relational.TVTable" oid="949D742E-F51A-DC62-7897-A4A454C4722F" otype="Table" vid="624E8399-883E-4D2B-34B0-584D8DA4E8DE">
<hideElementsInCurrentOnly>false</hideElementsInCurrentOnly>
<bounds x="785" y="359" width="130" height="75"/>
</OView>
<OView class="oracle.dbtools.crest.swingui.relational.TVTable" oid="9560664B-7FB9-D066-F0EB-CD7E3FC97845" otype="Table" vid="A15A1918-A42B-7D7A-0E4B-3286B0A0CC79">
<hideElementsInCurrentOnly>false</hideElementsInCurrentOnly>
<bounds x="543" y="143" width="166" height="89"/>
</OView>
<OView class="oracle.dbtools.crest.swingui.relational.TVTable" oid="98BF3693-F4FC-6516-68F3-36CDCACA271C" otype="Table" vid="A529CFAE-8524-9336-ED31-C89BF3466D34">
<hideElementsInCurrentOnly>false</hideElementsInCurrentOnly>
<bounds x="798" y="2" width="170" height="76"/>
</OView>
<OView class="oracle.dbtools.crest.swingui.relational.TVTable" oid="9AE30CDD-9C27-B74C-1C26-40F27FF71231" otype="Table" vid="E2C27844-7D7E-E80B-23EE-7A79398DB51B">
<hideElementsInCurrentOnly>false</hideElementsInCurrentOnly>
<bounds x="154" y="300" width="128" height="98"/>
</OView>
<OView class="oracle.dbtools.crest.swingui.relational.TVTable" oid="A08ECF32-331E-1867-6A4F-3CC17204EF1A" otype="Table" vid="67C10D29-5381-8E71-F1E9-9E8F50DBDF92">
<hideElementsInCurrentOnly>false</hideElementsInCurrentOnly>
<bounds x="811" y="648" width="92" height="68"/>
</OView>
<OView class="oracle.dbtools.crest.swingui.relational.TVTable" oid="A695C058-A024-4843-9C2D-34BE87C22893" otype="Table" vid="7EED7DA3-475E-79EA-1BBD-817547D4C7B3">
<hideElementsInCurrentOnly>false</hideElementsInCurrentOnly>
<bounds x="42" y="567" width="114" height="73"/>
</OView>
<OView class="oracle.dbtools.crest.swingui.relational.TVTable" oid="A90CF5E3-7E44-70AA-6813-D5438266814B" otype="Table" vid="BA5F059B-E7CF-B5A9-CECE-236D4C10CDA0">
<hideElementsInCurrentOnly>false</hideElementsInCurrentOnly>
<bounds x="15" y="50" width="170" height="110"/>
</OView>
<OView class="oracle.dbtools.crest.swingui.relational.TVTable" oid="AF75CA9B-EE53-CB20-1514-0D08EE7FD7A1" otype="Table" vid="E8585541-2A28-5C08-2066-ED7D90260123">
<hideElementsInCurrentOnly>false</hideElementsInCurrentOnly>
<bounds x="574" y="354" width="139" height="76"/>
</OView>
<OView class="oracle.dbtools.crest.swingui.relational.TVTable" oid="C1CE97DE-E116-517E-6370-1C3944B6573B" otype="Table" vid="B6107A7F-3ECD-58D4-6337-E94AC1B60BCC">
<hideElementsInCurrentOnly>false</hideElementsInCurrentOnly>
<bounds x="233" y="127" width="133" height="95"/>
</OView>
<OView class="oracle.dbtools.crest.swingui.relational.TVTable" oid="CF4051DE-858B-2945-37F4-F22E5250A31C" otype="Table" vid="E2D49336-8F15-898E-6105-7342FD9FF5DF">
<hideElementsInCurrentOnly>false</hideElementsInCurrentOnly>
<bounds x="889" y="466" width="118" height="66"/>
</OView>
<OView class="oracle.dbtools.crest.swingui.relational.TVTable" oid="D53437A0-6E43-903E-40B2-16020CB6E76F" otype="Table" vid="49BAAF50-662A-2D67-454D-3AF4E4058C3F">
<hideElementsInCurrentOnly>false</hideElementsInCurrentOnly>
<bounds x="412" y="320" width="139" height="81"/>
</OView>
</objectViews>
<connectors>
<Connector class="oracle.dbtools.crest.swingui.relational.TVFKRelation" oid="1A65B95D-5E3E-0A53-BA28-9F1DC95F5839" otype="FKIndexAssociation" vid_source="BA5F059B-E7CF-B5A9-CECE-236D4C10CDA0" vid_target="2DA2734B-8CFE-8205-2829-52E5CD0B58AC">
<hideElementsInCurrentOnly>false</hideElementsInCurrentOnly>
<backgroundColor>-16777216</backgroundColor>
<lineWidth>1</lineWidth>
<points>
<point x="185" y="73"/>
<point x="387" y="73"/>
</points>
</Connector>
<Connector class="oracle.dbtools.crest.swingui.relational.TVFKRelation" oid="3F8387AE-F972-C3B1-7A4C-AB297C85B44D" otype="FKIndexAssociation" vid_source="F274639D-4A56-0031-7ACF-16E4EA8DF68A" vid_target="00339C8E-A17A-9CB9-E95E-7086417F7398">
<hideElementsInCurrentOnly>false</hideElementsInCurrentOnly>
<backgroundColor>-16777216</backgroundColor>
<lineWidth>1</lineWidth>
<points>
<point x="183" y="578"/>
<point x="343" y="578"/>
</points>
</Connector>
<Connector class="oracle.dbtools.crest.swingui.relational.TVFKRelation" oid="4A4D4027-72BE-82D4-CB4E-93B9AF25C837" otype="FKIndexAssociation" vid_source="28E6D61A-F766-A15D-4EDC-2304313421F1" vid_target="49BAAF50-662A-2D67-454D-3AF4E4058C3F">
<hideElementsInCurrentOnly>false</hideElementsInCurrentOnly>
<backgroundColor>-16777216</backgroundColor>
<lineWidth>1</lineWidth>
<points>
<point x="415" y="461"/>
<point x="415" y="401"/>
</points>
</Connector>
<Connector class="oracle.dbtools.crest.swingui.relational.TVFKRelation" oid="519800CB-A3E4-84D2-8B01-36757AC4D941" otype="FKIndexAssociation" vid_source="B6107A7F-3ECD-58D4-6337-E94AC1B60BCC" vid_target="E2C27844-7D7E-E80B-23EE-7A79398DB51B">
<hideElementsInCurrentOnly>false</hideElementsInCurrentOnly>
<backgroundColor>-16777216</backgroundColor>
<lineWidth>1</lineWidth>
<points>
<point x="257" y="222"/>
<point x="257" y="300"/>
</points>
</Connector>
<Connector class="oracle.dbtools.crest.swingui.relational.TVFKRelation" oid="5597D0BE-B6B2-62F2-66FA-6E0DB105FA9B" otype="FKIndexAssociation" vid_source="28E6D61A-F766-A15D-4EDC-2304313421F1" vid_target="EE098A50-E533-AFDC-88CE-60343D1EBC67">
<hideElementsInCurrentOnly>false</hideElementsInCurrentOnly>
<backgroundColor>-16777216</backgroundColor>
<lineWidth>1</lineWidth>
<points>
<point x="419" y="508"/>
<point x="637" y="508"/>
</points>
</Connector>
<Connector class="oracle.dbtools.crest.swingui.relational.TVFKRelation" oid="63BCC68B-66CD-C7C3-1982-32169BC461AD" otype="FKIndexAssociation" vid_source="28E6D61A-F766-A15D-4EDC-2304313421F1" vid_target="00339C8E-A17A-9CB9-E95E-7086417F7398">
<hideElementsInCurrentOnly>false</hideElementsInCurrentOnly>
<backgroundColor>-16777216</backgroundColor>
<lineWidth>1</lineWidth>
<points>
<point x="381" y="534"/>
<point x="381" y="555"/>
</points>
</Connector>
<Connector class="oracle.dbtools.crest.swingui.relational.TVFKRelation" oid="677DA81A-6908-DEEE-66C9-DFF12148FFD5" otype="FKIndexAssociation" vid_source="2DA2734B-8CFE-8205-2829-52E5CD0B58AC" vid_target="A15A1918-A42B-7D7A-0E4B-3286B0A0CC79">
<hideElementsInCurrentOnly>false</hideElementsInCurrentOnly>
<backgroundColor>-16777216</backgroundColor>
<lineWidth>1</lineWidth>
<points>
<point x="516" y="96"/>
<point x="572" y="143"/>
</points>
</Connector>
<Connector class="oracle.dbtools.crest.swingui.relational.TVFKRelation" oid="67B6B405-2601-1B1B-63E8-482CDEE64A81" otype="FKIndexAssociation" vid_source="624E8399-883E-4D2B-34B0-584D8DA4E8DE" vid_target="2EAF9C73-ACA8-186A-B65E-8C661BFA6181">
<hideElementsInCurrentOnly>false</hideElementsInCurrentOnly>
<backgroundColor>-16777216</backgroundColor>
<lineWidth>1</lineWidth>
<points>
<point x="895" y="359"/>
<point x="961" y="305"/>
</points>
</Connector>
<Connector class="oracle.dbtools.crest.swingui.relational.TVFKRelation" oid="69E295E9-A96B-DF67-5E5B-F39F56647EC4" otype="FKIndexAssociation" vid_source="2DA2734B-8CFE-8205-2829-52E5CD0B58AC" vid_target="85D30C0E-E9B7-0C08-DE06-93FD2E517754">
<hideElementsInCurrentOnly>false</hideElementsInCurrentOnly>
<backgroundColor>-16777216</backgroundColor>
<lineWidth>1</lineWidth>
<points>
<point x="532" y="95"/>
<point x="846" y="95"/>
</points>
</Connector>
<Connector class="oracle.dbtools.crest.swingui.relational.TVFKRelation" oid="726307FB-A776-072A-9903-F89749912039" otype="FKIndexAssociation" vid_source="BA5F059B-E7CF-B5A9-CECE-236D4C10CDA0" vid_target="7EED7DA3-475E-79EA-1BBD-817547D4C7B3">
<hideElementsInCurrentOnly>false</hideElementsInCurrentOnly>
<backgroundColor>-16777216</backgroundColor>
<lineWidth>1</lineWidth>
<points>
<point x="114" y="160"/>
<point x="114" y="567"/>
</points>
</Connector>
<Connector class="oracle.dbtools.crest.swingui.relational.TVFKRelation" oid="93B3BDCE-262E-D26C-ACF9-2F44A5C765B9" otype="FKIndexAssociation" vid_source="F274639D-4A56-0031-7ACF-16E4EA8DF68A" vid_target="7EED7DA3-475E-79EA-1BBD-817547D4C7B3">
<hideElementsInCurrentOnly>false</hideElementsInCurrentOnly>
<backgroundColor>-16777216</backgroundColor>
<lineWidth>1</lineWidth>
<points>
<point x="183" y="603"/>
<point x="42" y="603"/>
</points>
</Connector>
<Connector class="oracle.dbtools.crest.swingui.relational.TVFKRelation" oid="972F5500-CACB-9178-E37D-F5BA20F970E6" otype="FKIndexAssociation" vid_source="A15A1918-A42B-7D7A-0E4B-3286B0A0CC79" vid_target="49BAAF50-662A-2D67-454D-3AF4E4058C3F">
<hideElementsInCurrentOnly>false</hideElementsInCurrentOnly>
<backgroundColor>-16777216</backgroundColor>
<lineWidth>1</lineWidth>
<points>
<point x="547" y="232"/>
<point x="547" y="320"/>
</points>
</Connector>
<Connector class="oracle.dbtools.crest.swingui.relational.TVFKRelation" oid="A710CAEF-1772-3A4A-A884-252B1FCBF562" otype="FKIndexAssociation" vid_source="2DA2734B-8CFE-8205-2829-52E5CD0B58AC" vid_target="B6107A7F-3ECD-58D4-6337-E94AC1B60BCC">
<hideElementsInCurrentOnly>false</hideElementsInCurrentOnly>
<backgroundColor>-16777216</backgroundColor>
<lineWidth>1</lineWidth>
<points>
<point x="398" y="96"/>
<point x="359" y="127"/>
</points>
</Connector>
<Connector class="oracle.dbtools.crest.swingui.relational.TVFKRelation" oid="A8F66775-DB76-7E62-C9F7-CF40EEEA0E53" otype="FKIndexAssociation" vid_source="A529CFAE-8524-9336-ED31-C89BF3466D34" vid_target="2DA2734B-8CFE-8205-2829-52E5CD0B58AC">
<hideElementsInCurrentOnly>false</hideElementsInCurrentOnly>
<backgroundColor>-16777216</backgroundColor>
<lineWidth>1</lineWidth>
<points>
<point x="798" y="40"/>
<point x="532" y="40"/>
</points>
</Connector>
<Connector class="oracle.dbtools.crest.swingui.relational.TVFKRelation" oid="AB180A5C-9240-BC59-3F75-1A7627E9C235" otype="FKIndexAssociation" vid_source="EE098A50-E533-AFDC-88CE-60343D1EBC67" vid_target="EFDDE5C8-4940-64FC-8FDE-E1764083F35F">
<hideElementsInCurrentOnly>false</hideElementsInCurrentOnly>
<backgroundColor>-16777216</backgroundColor>
<lineWidth>1</lineWidth>
<points>
<point x="729" y="576"/>
<point x="729" y="650"/>
</points>
</Connector>
<Connector class="oracle.dbtools.crest.swingui.relational.TVFKRelation" oid="AECDAF67-14B5-EC96-B65F-D4AFA2FC65AE" otype="FKIndexAssociation" vid_source="28E6D61A-F766-A15D-4EDC-2304313421F1" vid_target="E2C27844-7D7E-E80B-23EE-7A79398DB51B">
<hideElementsInCurrentOnly>false</hideElementsInCurrentOnly>
<backgroundColor>-16777216</backgroundColor>
<lineWidth>1</lineWidth>
<points>
<point x="269" y="461"/>
<point x="269" y="398"/>
</points>
</Connector>
<Connector class="oracle.dbtools.crest.swingui.relational.TVFKRelation" oid="B3E8773D-80B9-DE23-7C66-F8D402574244" otype="FKIndexAssociation" vid_source="EE098A50-E533-AFDC-88CE-60343D1EBC67" vid_target="67C10D29-5381-8E71-F1E9-9E8F50DBDF92">
<hideElementsInCurrentOnly>false</hideElementsInCurrentOnly>
<backgroundColor>-16777216</backgroundColor>
<lineWidth>1</lineWidth>
<points>
<point x="814" y="576"/>
<point x="814" y="648"/>
</points>
</Connector>
<Connector class="oracle.dbtools.crest.swingui.relational.TVFKRelation" oid="B8783C32-C844-CACE-9DAD-30FBBC753C1A" otype="FKIndexAssociation" vid_source="28E6D61A-F766-A15D-4EDC-2304313421F1" vid_target="E8585541-2A28-5C08-2066-ED7D90260123">
<hideElementsInCurrentOnly>false</hideElementsInCurrentOnly>
<backgroundColor>-16777216</backgroundColor>
<lineWidth>1</lineWidth>
<points>
<point x="419" y="469"/>
<point x="574" y="415"/>
</points>
</Connector>
<Connector class="oracle.dbtools.crest.swingui.relational.TVFKRelation" oid="E0BB7EF7-2844-1683-C183-1EE5BEB7CE58" otype="FKIndexAssociation" vid_source="E2D49336-8F15-898E-6105-7342FD9FF5DF" vid_target="EE098A50-E533-AFDC-88CE-60343D1EBC67">
<hideElementsInCurrentOnly>false</hideElementsInCurrentOnly>
<backgroundColor>-16777216</backgroundColor>
<lineWidth>1</lineWidth>
<points>
<point x="889" y="507"/>
<point x="818" y="507"/>
</points>
</Connector>
<Connector class="oracle.dbtools.crest.swingui.relational.TVFKRelation" oid="E7B75007-E403-5919-9869-1E498F3CC024" otype="FKIndexAssociation" vid_source="85D30C0E-E9B7-0C08-DE06-93FD2E517754" vid_target="2EAF9C73-ACA8-186A-B65E-8C661BFA6181">
<hideElementsInCurrentOnly>false</hideElementsInCurrentOnly>
<backgroundColor>-16777216</backgroundColor>
<lineWidth>1</lineWidth>
<points>
<point x="985" y="205"/>
<point x="985" y="238"/>
</points>
</Connector>
<Connector class="oracle.dbtools.crest.swingui.relational.TVFKRelation" oid="E922AA6B-8DF8-5C24-130D-9238F12EC939" otype="FKIndexAssociation" vid_source="BA5F059B-E7CF-B5A9-CECE-236D4C10CDA0" vid_target="F274639D-4A56-0031-7ACF-16E4EA8DF68A">
<hideElementsInCurrentOnly>false</hideElementsInCurrentOnly>
<backgroundColor>-16777216</backgroundColor>
<lineWidth>1</lineWidth>
<points>
<point x="101" y="160"/>
<point x="101" y="462"/>
</points>
</Connector>
<Connector class="oracle.dbtools.crest.swingui.relational.TVFKRelation" oid="E928311E-FC14-E172-29EF-DC9ADD53CB06" otype="FKIndexAssociation" vid_source="F274639D-4A56-0031-7ACF-16E4EA8DF68A" vid_target="0596009F-E9F2-2A7F-D347-0F67671E06D9">
<hideElementsInCurrentOnly>false</hideElementsInCurrentOnly>
<backgroundColor>-16777216</backgroundColor>
<lineWidth>1</lineWidth>
<points>
<point x="183" y="700"/>
<point x="32" y="700"/>
</points>
</Connector>
<Connector class="oracle.dbtools.crest.swingui.relational.TVFKRelation" oid="FFBD20E7-DD66-63A4-F3CF-B263DA5B5CA3" otype="FKIndexAssociation" vid_source="624E8399-883E-4D2B-34B0-584D8DA4E8DE" vid_target="E8585541-2A28-5C08-2066-ED7D90260123">
<hideElementsInCurrentOnly>false</hideElementsInCurrentOnly>
<backgroundColor>-16777216</backgroundColor>
<lineWidth>1</lineWidth>
<points>
<point x="785" y="394"/>
<point x="713" y="394"/>
</points>
</Connector>
</connectors>
<arcs>
<Arc class="oracle.dbtools.crest.swingui.relational.TVFKArc" oid="298BFA58-F83D-1522-F299-E86CD2356CAB" otype="FKArc" vid="66155416-C48C-202C-6AE7-CBE3BF2CF600">
<hideElementsInCurrentOnly>false</hideElementsInCurrentOnly>
<bounds x="-1" y="442" width="204" height="372"/>
</Arc>
<Arc class="oracle.dbtools.crest.swingui.relational.TVFKArc" oid="B577219A-115C-24B4-5F76-C2ACC8BDFA35" otype="FKArc" vid="91B92C8C-7707-4D19-5FC2-B3706E242A5A">
<hideElementsInCurrentOnly>false</hideElementsInCurrentOnly>
<bounds x="617" y="463" width="221" height="133"/>
</Arc>
</arcs>
</Display>
</displays>
</Diagram>
