<?xml version = '1.0' encoding = 'UTF-8'?>
<Diagram class="oracle.dbtools.crest.swingui.relational.DPVRelationalSubView" name="From_LM_Logical - SubView_3" id="975C2F08-1A90-C614-98EF-8EC863F2B433">
<createdBy>kubak182</createdBy>
<modifiedBy>kubak182</modifiedBy>
<createdTime>2020-06-27 15:16:41 UTC</createdTime>
<autoRoute>false</autoRoute>
<boxInbox>true</boxInbox>
<showLegend>false</showLegend>
<showLabels>false</showLabels>
<showRelAttributes>false</showRelAttributes>
<gridEnabled>false</gridEnabled>
<showGrid>false</showGrid>
<diagramColor>-1</diagramColor>
<display>false</display>
<generatorId>10EB4693-AC17-BF3A-4E25-EB15ECD9684D</generatorId>
<notation>1</notation>
<objectViews>
<OView class="oracle.dbtools.crest.swingui.relational.TVTable" oid="816C3BBF-9410-58CD-1D38-4A7A4E433832" otype="Table" vid="7A25AA45-369F-CF1F-3926-57075B3DD469">
<hideElementsInCurrentOnly>false</hideElementsInCurrentOnly>
<bounds x="19" y="462" width="164" height="332"/>
<generatorID>566B8613-70F1-6481-E52B-388596859539</generatorID>
</OView>
</objectViews>
</Diagram>
