<?xml version = '1.0' encoding = 'UTF-8'?>
<Diagram class="oracle.dbtools.crest.swingui.relational.DPVRelationalSubView" name="From_LM_Logical - SubView_2" id="A70CBBB6-1B46-774D-176C-F95C695B5FC4">
<createdBy>kubak182</createdBy>
<modifiedBy>kubak182</modifiedBy>
<createdTime>2020-06-27 15:16:41 UTC</createdTime>
<autoRoute>false</autoRoute>
<boxInbox>true</boxInbox>
<showLegend>false</showLegend>
<showLabels>false</showLabels>
<showRelAttributes>false</showRelAttributes>
<gridEnabled>false</gridEnabled>
<showGrid>false</showGrid>
<diagramColor>-1</diagramColor>
<display>false</display>
<generatorId>6F2141D7-8879-C705-64A2-C8E41565F2F4</generatorId>
<notation>1</notation>
<objectViews>
<OView class="oracle.dbtools.crest.swingui.relational.TVTable" oid="5987751A-2471-F2CF-AB56-BC24740222D4" otype="Table" vid="5FE5C353-D348-EEA8-C9EA-F192765FFDE9">
<hideElementsInCurrentOnly>false</hideElementsInCurrentOnly>
<bounds x="511" y="50" width="145" height="67"/>
<generatorID>4121C4AE-C290-71E7-6671-243EA53C9089</generatorID>
</OView>
<OView class="oracle.dbtools.crest.swingui.relational.TVTable" oid="A90CF5E3-7E44-70AA-6813-D5438266814B" otype="Table" vid="30F136B8-2EAF-FC48-0C29-C84F7637766C">
<hideElementsInCurrentOnly>false</hideElementsInCurrentOnly>
<bounds x="15" y="50" width="170" height="110"/>
<generatorID>2EE92B53-5AAD-D83B-3F2B-4C7B75DDB0F0</generatorID>
</OView>
</objectViews>
<connectors>
<Connector class="oracle.dbtools.crest.swingui.relational.TVFKRelation" oid="1A65B95D-5E3E-0A53-BA28-9F1DC95F5839" otype="FKIndexAssociation" vid_source="30F136B8-2EAF-FC48-0C29-C84F7637766C" vid_target="5FE5C353-D348-EEA8-C9EA-F192765FFDE9">
<hideElementsInCurrentOnly>false</hideElementsInCurrentOnly>
<backgroundColor>-16777216</backgroundColor>
<lineWidth>1</lineWidth>
<points>
<point x="185" y="98"/>
<point x="511" y="98"/>
</points>
</Connector>
</connectors>
</Diagram>
