<?xml version = '1.0' encoding = 'UTF-8'?>
<Diagram class="oracle.dbtools.crest.swingui.logical.DPVLogicalSubView" name="Logical - SubView_3" id="10EB4693-AC17-BF3A-4E25-EB15ECD9684D">
<createdBy>kubak182</createdBy>
<modifiedBy>kubak182</modifiedBy>
<createdTime>2020-06-25 17:15:36 UTC</createdTime>
<autoRoute>false</autoRoute>
<boxInbox>true</boxInbox>
<showLegend>false</showLegend>
<showLabels>false</showLabels>
<showRelAttributes>false</showRelAttributes>
<gridEnabled>false</gridEnabled>
<showGrid>false</showGrid>
<diagramColor>-1</diagramColor>
<display>false</display>
<notation>1</notation>
<objectViews>
<OView class="oracle.dbtools.crest.swingui.logical.TVEntity" oid="B518974A-8AAC-DA14-DA9F-7D9AE51318AE" otype="Entity" vid="566B8613-70F1-6481-E52B-388596859539">
<hideElementsInCurrentOnly>false</hideElementsInCurrentOnly>
<bounds x="19" y="462" width="164" height="332"/>
</OView>
</objectViews>
</Diagram>