<?xml version = '1.0' encoding = 'UTF-8'?>
<Diagram class="oracle.dbtools.crest.swingui.logical.DPVLogicalSubView" name="Logical - SubView_4" id="3FA1DD8C-05BA-AC28-286A-1CA696C4019A">
<createdBy>kubak182</createdBy>
<modifiedBy>kubak182</modifiedBy>
<createdTime>2020-06-25 18:10:45 UTC</createdTime>
<autoRoute>false</autoRoute>
<boxInbox>true</boxInbox>
<showLegend>false</showLegend>
<showLabels>false</showLabels>
<showRelAttributes>false</showRelAttributes>
<gridEnabled>false</gridEnabled>
<showGrid>false</showGrid>
<diagramColor>-1</diagramColor>
<display>false</display>
<notation>1</notation>
<objectViews>
<OView class="oracle.dbtools.crest.swingui.logical.TVEntity" oid="13189AB9-41BB-3BF1-7303-1DDDE775CAE2" otype="Entity" vid="84D90D9D-BB18-594B-2B4A-724744D6D43E">
<hideElementsInCurrentOnly>false</hideElementsInCurrentOnly>
<bounds x="637" y="483" width="181" height="93"/>
</OView>
</objectViews>
</Diagram>
