<?xml version = '1.0' encoding = 'UTF-8'?>
<Table class="oracle.dbtools.crest.model.design.relational.Table" directorySegmentName="seg_0" id="122ECB66-C4C7-23BB-BB73-1D53D068E8D7" name="NABIDKA_SLUZBY">
<createdBy>kubak182</createdBy>
<createdTime>2020-06-27 15:16:41 UTC</createdTime>
<generatorID>13189AB9-41BB-3BF1-7303-1DDDE775CAE2</generatorID>
<ownerDesignName>jezek</ownerDesignName>
<allowColumnReorder>false</allowColumnReorder>
<existDependencyGenerateInDDl>true</existDependencyGenerateInDDl>
<parsed>true</parsed>
<columns itemClass="oracle.dbtools.crest.model.design.relational.Column">
<Column name="id_nabidky" id="85ECDD17-6C97-6E54-F4A6-8007D090FCB3">
<createdBy>kubak182</createdBy>
<createdTime>2020-06-27 15:16:41 UTC</createdTime>
<generatorID>ED5148AC-42E4-5098-EA1D-43C13D143739</generatorID>
<ownerDesignName>jezek</ownerDesignName>
<useDomainConstraints>false</useDomainConstraints>
<use>1</use>
<logicalDatatype>LOGDT019</logicalDatatype>
<ownDataTypeParameters>,,</ownDataTypeParameters>
<autoIncrementCycle>false</autoIncrementCycle>
</Column>
<Column name="TYP_SLUZBY_id_typ_sluzby" id="341F995E-9743-E556-8011-3D31D647055E">
<createdBy>kubak182</createdBy>
<createdTime>2020-06-27 15:16:41 UTC</createdTime>
<generatorID>3EB0C282-B372-01AA-27B5-9AAE0BFB87F0</generatorID>
<ownerDesignName>jezek</ownerDesignName>
<useDomainConstraints>false</useDomainConstraints>
<use>1</use>
<logicalDatatype>LOGDT024</logicalDatatype>
<dataTypeSize>100</dataTypeSize>
<ownDataTypeParameters>,,</ownDataTypeParameters>
<previousColumn>false</previousColumn>
<autoIncrementCycle>false</autoIncrementCycle>
<associations>
<colAssociation fkAssociation="E0BB7EF7-2844-1683-C183-1EE5BEB7CE58" referredColumn="C768B081-3029-E505-4F4D-E248E1CA2E56"/>
</associations>
</Column>
<Column name="datum_do" id="1957A926-8FDC-2C86-EEC8-B10A81776094">
<createdBy>kubak182</createdBy>
<createdTime>2020-06-27 15:16:41 UTC</createdTime>
<generatorID>21BA11D8-29E9-9E46-F1A8-5DCC179055F8</generatorID>
<ownerDesignName>jezek</ownerDesignName>
<useDomainConstraints>false</useDomainConstraints>
<use>1</use>
<logicalDatatype>LOGDT008</logicalDatatype>
<ownDataTypeParameters>,,</ownDataTypeParameters>
<autoIncrementCycle>false</autoIncrementCycle>
</Column>
<Column name="datum_od" id="5F601181-6B37-63D5-CB18-ABF296F5054D">
<createdBy>kubak182</createdBy>
<createdTime>2020-06-27 15:16:41 UTC</createdTime>
<generatorID>36CB85C0-3699-EBA8-3417-3119F1DCC3EA</generatorID>
<ownerDesignName>jezek</ownerDesignName>
<useDomainConstraints>false</useDomainConstraints>
<use>1</use>
<logicalDatatype>LOGDT008</logicalDatatype>
<ownDataTypeParameters>,,</ownDataTypeParameters>
<autoIncrementCycle>false</autoIncrementCycle>
</Column>
<Column name="ZAKAZKA_id_zakazky" id="F690ED35-629E-A5F3-9AC9-09055AF3928E">
<createdBy>kubak182</createdBy>
<createdTime>2020-06-27 15:16:41 UTC</createdTime>
<generatorID>E6C80857-E0A7-2AFC-1334-CC71B086C24C</generatorID>
<ownerDesignName>jezek</ownerDesignName>
<useDomainConstraints>false</useDomainConstraints>
<use>1</use>
<logicalDatatype>LOGDT019</logicalDatatype>
<ownDataTypeParameters>,,</ownDataTypeParameters>
<previousColumn>false</previousColumn>
<autoIncrementCycle>false</autoIncrementCycle>
<associations>
<colAssociation fkAssociation="5597D0BE-B6B2-62F2-66FA-6E0DB105FA9B" referredColumn="D0236405-0C38-26B7-65DD-4538C3A182A9"/>
</associations>
</Column>
</columns>
<indexes itemClass="oracle.dbtools.crest.model.design.relational.Index">
<ind_PK_UK id="ECDEB383-8AA0-E697-7EC7-E844BA0FE19D" name="NABIDKA_SLUZBY_PK">
<createdBy>kubak182</createdBy>
<createdTime>2020-06-27 15:16:41 UTC</createdTime>
<generatorID>14BD3A3F-DEA1-F88B-BFAC-F7AB3E65AB44</generatorID>
<ownerDesignName>jezek</ownerDesignName>
<pk>true</pk>
<indexState>Primary Constraint</indexState>
<isSurrogateKey>false</isSurrogateKey>
<indexColumnUsage>
<colUsage columnID="85ECDD17-6C97-6E54-F4A6-8007D090FCB3"/>
</indexColumnUsage>
</ind_PK_UK>
<ind_PK_UK id="199E34C7-722C-D841-65C5-8D40CF3AC1FE" name="NABIDKA_SLUZBY_TYP_SLUZBY_FK">
<createdBy>kubak182</createdBy>
<createdTime>2020-06-27 15:16:41 UTC</createdTime>
<generatorID>BEFB9779-5134-C2F0-B9CB-9F732B62EE57</generatorID>
<ownerDesignName>jezek</ownerDesignName>
<indexState>Foreign Key</indexState>
<isSurrogateKey>false</isSurrogateKey>
<indexColumnUsage>
<colUsage columnID="341F995E-9743-E556-8011-3D31D647055E"/>
</indexColumnUsage>
</ind_PK_UK>
<ind_PK_UK id="A45A2F88-6B6F-2470-15C2-98601CEB2576" name="NABIDKA_SLUZBY_ZAKAZKA_FK">
<createdBy>kubak182</createdBy>
<createdTime>2020-06-27 15:16:41 UTC</createdTime>
<generatorID>53039709-D8DF-513A-3CD9-D7EB624AAB09</generatorID>
<ownerDesignName>jezek</ownerDesignName>
<indexState>Foreign Key</indexState>
<isSurrogateKey>false</isSurrogateKey>
<indexColumnUsage>
<colUsage columnID="F690ED35-629E-A5F3-9AC9-09055AF3928E"/>
</indexColumnUsage>
</ind_PK_UK>
</indexes>
</Table>
