<?xml version = '1.0' encoding = 'UTF-8'?>
<Table class="oracle.dbtools.crest.model.design.relational.Table" directorySegmentName="seg_0" id="13BE2CDE-EC0F-4348-5D12-35383463204C" name="MALOOBCHOD">
<createdBy>kubak182</createdBy>
<createdTime>2020-06-27 15:16:41 UTC</createdTime>
<generatorID>9589A1E6-2EA3-6C11-93D2-D3598149DF17</generatorID>
<ownerDesignName>jezek</ownerDesignName>
<allowColumnReorder>false</allowColumnReorder>
<existDependencyGenerateInDDl>true</existDependencyGenerateInDDl>
<parsed>true</parsed>
<columns itemClass="oracle.dbtools.crest.model.design.relational.Column">
<Column name="id_zakaznik" id="67B4F615-1F55-D74A-1C9A-16309A1DA0B8">
<createdBy>kubak182</createdBy>
<createdTime>2020-06-27 15:16:41 UTC</createdTime>
<generatorID>C6A8C45B-7C9D-F82E-25AD-A5AE17DDC2EA</generatorID>
<ownerDesignName>jezek</ownerDesignName>
<useDomainConstraints>false</useDomainConstraints>
<use>1</use>
<logicalDatatype>LOGDT019</logicalDatatype>
<ownDataTypeParameters>,,</ownDataTypeParameters>
<autoIncrementCycle>false</autoIncrementCycle>
<associations>
<colAssociation fkAssociation="E928311E-FC14-E172-29EF-DC9ADD53CB06" referredColumn="E620C7B0-44CF-5F3B-244E-2A51BE742D33"/>
</associations>
</Column>
<Column name="vek" id="50C1CAA0-DC0A-2132-FB4C-17AF1452CD30">
<createdBy>kubak182</createdBy>
<createdTime>2020-06-27 15:16:41 UTC</createdTime>
<generatorID>F0C3A246-23BE-C194-9266-80ED4FC8545B</generatorID>
<ownerDesignName>jezek</ownerDesignName>
<nullsAllowed>true</nullsAllowed>
<useDomainConstraints>false</useDomainConstraints>
<use>1</use>
<logicalDatatype>LOGDT019</logicalDatatype>
<ownDataTypeParameters>,,</ownDataTypeParameters>
<autoIncrementCycle>false</autoIncrementCycle>
</Column>
<Column name="pohlavi" id="F08C374C-B9E8-43A6-4BAF-33B8C58BC687">
<createdBy>kubak182</createdBy>
<createdTime>2020-06-27 15:16:41 UTC</createdTime>
<generatorID>4836DC00-E235-FA1E-A462-B7C2FC19FAF3</generatorID>
<ownerDesignName>jezek</ownerDesignName>
<nullsAllowed>true</nullsAllowed>
<useDomainConstraints>false</useDomainConstraints>
<use>1</use>
<logicalDatatype>LOGDT024</logicalDatatype>
<dataTypeSize>10</dataTypeSize>
<ownDataTypeParameters>10,,</ownDataTypeParameters>
<autoIncrementCycle>false</autoIncrementCycle>
</Column>
<Column name="prijmeni" id="0AA7BBBD-58DA-720C-B266-48011729A7D9">
<createdBy>kubak182</createdBy>
<createdTime>2020-06-27 15:16:41 UTC</createdTime>
<generatorID>A66C0251-CE76-692A-4D7C-446E197270F4</generatorID>
<ownerDesignName>jezek</ownerDesignName>
<nullsAllowed>true</nullsAllowed>
<useDomainConstraints>false</useDomainConstraints>
<use>1</use>
<logicalDatatype>LOGDT024</logicalDatatype>
<dataTypeSize>100</dataTypeSize>
<ownDataTypeParameters>100,,</ownDataTypeParameters>
<autoIncrementCycle>false</autoIncrementCycle>
</Column>
<Column name="titul" id="91FE8F6C-C872-43D7-25AA-EAD0D3916EC3">
<createdBy>kubak182</createdBy>
<createdTime>2020-06-27 15:16:41 UTC</createdTime>
<generatorID>3F421503-F5A3-1988-21F4-B94DE63E8F0E</generatorID>
<ownerDesignName>jezek</ownerDesignName>
<nullsAllowed>true</nullsAllowed>
<useDomainConstraints>false</useDomainConstraints>
<use>1</use>
<logicalDatatype>LOGDT024</logicalDatatype>
<dataTypeSize>30</dataTypeSize>
<ownDataTypeParameters>30,,</ownDataTypeParameters>
<autoIncrementCycle>false</autoIncrementCycle>
</Column>
</columns>
<indexes itemClass="oracle.dbtools.crest.model.design.relational.Index">
<ind_PK_UK id="DF0C1D00-1E2F-3BF9-D280-12D50A82380B" name="MALOOBCHOD_PK">
<createdBy>kubak182</createdBy>
<createdTime>2020-06-27 15:16:41 UTC</createdTime>
<generatorID>FBB1D7FB-609D-9541-E02D-F8E64836FEF5</generatorID>
<ownerDesignName>jezek</ownerDesignName>
<pk>true</pk>
<indexState>Primary Constraint</indexState>
<isSurrogateKey>false</isSurrogateKey>
<indexColumnUsage>
<colUsage columnID="67B4F615-1F55-D74A-1C9A-16309A1DA0B8"/>
</indexColumnUsage>
</ind_PK_UK>
<ind_PK_UK id="D78331BF-6836-0DC5-EA59-769DDA059F52" name="MALOOBCHOD_ZAKAZNIK_FK">
<createdBy>kubak182</createdBy>
<createdTime>2020-06-27 15:16:41 UTC</createdTime>
<generatorID>D4CC41F8-A0CE-09A7-7295-DD096B2673FC</generatorID>
<ownerDesignName>jezek</ownerDesignName>
<indexState>Foreign Key</indexState>
<isSurrogateKey>false</isSurrogateKey>
<indexColumnUsage>
<colUsage columnID="67B4F615-1F55-D74A-1C9A-16309A1DA0B8"/>
</indexColumnUsage>
</ind_PK_UK>
</indexes>
</Table>
