<?xml version = '1.0' encoding = 'UTF-8'?>
<Table class="oracle.dbtools.crest.model.design.relational.Table" directorySegmentName="seg_0" id="2EEC38E5-BF56-E568-EFA2-F3B44FB24FFA" name="CLEN">
<createdBy>kubak182</createdBy>
<createdTime>2020-06-27 15:16:41 UTC</createdTime>
<generatorID>CB654844-0821-45C3-DFCD-7CC94C8EC0D8</generatorID>
<ownerDesignName>jezek</ownerDesignName>
<allowColumnReorder>false</allowColumnReorder>
<existDependencyGenerateInDDl>true</existDependencyGenerateInDDl>
<parsed>true</parsed>
<columns itemClass="oracle.dbtools.crest.model.design.relational.Column">
<Column name="clen_od" id="01147EC7-FB0D-BD75-B8F5-2F51D0D61BB7">
<createdBy>kubak182</createdBy>
<createdTime>2020-06-27 15:16:41 UTC</createdTime>
<generatorID>D6954547-6CA4-2440-7024-1F9CCE8E8A42</generatorID>
<ownerDesignName>jezek</ownerDesignName>
<useDomainConstraints>false</useDomainConstraints>
<use>1</use>
<logicalDatatype>LOGDT007</logicalDatatype>
<ownDataTypeParameters>,,</ownDataTypeParameters>
<autoIncrementCycle>false</autoIncrementCycle>
</Column>
<Column name="clen_do" id="8AC80DB7-EB37-E39D-2B65-C0E4CF4AEFE9">
<createdBy>kubak182</createdBy>
<createdTime>2020-06-27 15:16:41 UTC</createdTime>
<generatorID>81B7E00B-8DD9-9C8D-AEE7-5DB766B6067A</generatorID>
<ownerDesignName>jezek</ownerDesignName>
<nullsAllowed>true</nullsAllowed>
<useDomainConstraints>false</useDomainConstraints>
<use>1</use>
<logicalDatatype>LOGDT007</logicalDatatype>
<ownDataTypeParameters>,,</ownDataTypeParameters>
<autoIncrementCycle>false</autoIncrementCycle>
</Column>
<Column name="ZAMESTNANEC_id_zamestnanec" id="775F7673-61C8-9D4C-CB47-99AC860A31E0">
<createdBy>kubak182</createdBy>
<createdTime>2020-06-27 15:16:41 UTC</createdTime>
<generatorID>EE70E51D-EC78-CC97-7798-7010B6CA5899</generatorID>
<ownerDesignName>jezek</ownerDesignName>
<useDomainConstraints>false</useDomainConstraints>
<use>1</use>
<logicalDatatype>LOGDT019</logicalDatatype>
<dataTypePrecision>38</dataTypePrecision>
<ownDataTypeParameters>,,</ownDataTypeParameters>
<previousColumn>false</previousColumn>
<autoIncrementCycle>false</autoIncrementCycle>
<associations>
<colAssociation fkAssociation="E7B75007-E403-5919-9869-1E498F3CC024" referredColumn="950646E7-754A-BF5E-6934-28F1967FC160"/>
</associations>
</Column>
<Column name="TYM_id_tymu" id="3D10F5E0-0E40-A68B-29F4-803A3A5C15F5">
<createdBy>kubak182</createdBy>
<createdTime>2020-06-27 15:16:41 UTC</createdTime>
<generatorID>B255A950-AE62-3937-4CE7-795411AD7A38</generatorID>
<ownerDesignName>jezek</ownerDesignName>
<useDomainConstraints>false</useDomainConstraints>
<use>1</use>
<logicalDatatype>LOGDT019</logicalDatatype>
<ownDataTypeParameters>,,</ownDataTypeParameters>
<previousColumn>false</previousColumn>
<autoIncrementCycle>false</autoIncrementCycle>
<associations>
<colAssociation fkAssociation="67B6B405-2601-1B1B-63E8-482CDEE64A81" referredColumn="CFE99ACC-7CB9-8B0A-7E8E-1B1362F98762"/>
</associations>
</Column>
</columns>
<indexes itemClass="oracle.dbtools.crest.model.design.relational.Index">
<ind_PK_UK id="55820ABA-523D-A389-558F-158C8517ED37" name="CLEN_PK">
<createdBy>kubak182</createdBy>
<createdTime>2020-06-27 15:16:41 UTC</createdTime>
<generatorID>F9FF965B-B5CC-AF0A-0CCC-B5F00D39E6D8</generatorID>
<ownerDesignName>jezek</ownerDesignName>
<pk>true</pk>
<indexState>Primary Constraint</indexState>
<isSurrogateKey>false</isSurrogateKey>
<indexColumnUsage>
<colUsage columnID="775F7673-61C8-9D4C-CB47-99AC860A31E0"/>
<colUsage columnID="01147EC7-FB0D-BD75-B8F5-2F51D0D61BB7"/>
<colUsage columnID="3D10F5E0-0E40-A68B-29F4-803A3A5C15F5"/>
</indexColumnUsage>
</ind_PK_UK>
<ind_PK_UK id="6AA4DDFF-4CDF-8D76-4D6A-C99E78E9B20E" name="CLEN_ZAMESTNANEC_FK">
<createdBy>kubak182</createdBy>
<createdTime>2020-06-27 15:16:41 UTC</createdTime>
<generatorID>A9BE1BD6-4AD9-51E8-E8D3-904808E30576</generatorID>
<ownerDesignName>jezek</ownerDesignName>
<indexState>Foreign Key</indexState>
<isSurrogateKey>false</isSurrogateKey>
<indexColumnUsage>
<colUsage columnID="775F7673-61C8-9D4C-CB47-99AC860A31E0"/>
</indexColumnUsage>
</ind_PK_UK>
<ind_PK_UK id="BF849C30-0659-FE7B-3FB0-284B58AFE203" name="CLEN_TYM_FK">
<createdBy>kubak182</createdBy>
<createdTime>2020-06-27 15:16:41 UTC</createdTime>
<generatorID>60966E2C-0DAD-E3EC-DF7C-39C7073D82FF</generatorID>
<ownerDesignName>jezek</ownerDesignName>
<indexState>Foreign Key</indexState>
<isSurrogateKey>false</isSurrogateKey>
<indexColumnUsage>
<colUsage columnID="3D10F5E0-0E40-A68B-29F4-803A3A5C15F5"/>
</indexColumnUsage>
</ind_PK_UK>
</indexes>
</Table>
