<?xml version = '1.0' encoding = 'UTF-8'?>
<Table class="oracle.dbtools.crest.model.design.relational.Table" directorySegmentName="seg_0" id="444A292B-1DC6-FEBF-B447-35012D496982" name="OBJEDNAVKA">
<createdBy>kubak182</createdBy>
<createdTime>2020-06-27 15:16:41 UTC</createdTime>
<generatorID>0C60F9F4-363F-B5C7-1EDA-F5E6101EFEFE</generatorID>
<ownerDesignName>jezek</ownerDesignName>
<allowColumnReorder>false</allowColumnReorder>
<existDependencyGenerateInDDl>true</existDependencyGenerateInDDl>
<parsed>true</parsed>
<columns itemClass="oracle.dbtools.crest.model.design.relational.Column">
<Column name="ZAKAZKA_id_zakazky" id="4F808FBB-85DE-6005-ECF3-F4EEBCC02EDD">
<createdBy>kubak182</createdBy>
<createdTime>2020-06-27 15:16:41 UTC</createdTime>
<generatorID>88BF49DB-7195-D86A-B027-BA379CB8D045</generatorID>
<ownerDesignName>jezek</ownerDesignName>
<useDomainConstraints>false</useDomainConstraints>
<use>1</use>
<logicalDatatype>LOGDT019</logicalDatatype>
<ownDataTypeParameters>,,</ownDataTypeParameters>
<previousColumn>false</previousColumn>
<autoIncrementCycle>false</autoIncrementCycle>
<associations>
<colAssociation fkAssociation="63BCC68B-66CD-C7C3-1982-32169BC461AD" referredColumn="D0236405-0C38-26B7-65DD-4538C3A182A9"/>
</associations>
</Column>
<Column name="ZAKAZNIK_id_zakaznik" id="348ACB3D-DA79-40A1-E506-FBDCFA257E37">
<createdBy>kubak182</createdBy>
<createdTime>2020-06-27 15:16:41 UTC</createdTime>
<generatorID>DADD14D1-822C-5C3C-79A2-7A13555FEC12</generatorID>
<ownerDesignName>jezek</ownerDesignName>
<useDomainConstraints>false</useDomainConstraints>
<use>1</use>
<logicalDatatype>LOGDT019</logicalDatatype>
<ownDataTypeParameters>,,</ownDataTypeParameters>
<previousColumn>false</previousColumn>
<autoIncrementCycle>false</autoIncrementCycle>
<associations>
<colAssociation fkAssociation="3F8387AE-F972-C3B1-7A4C-AB297C85B44D" referredColumn="E620C7B0-44CF-5F3B-244E-2A51BE742D33"/>
</associations>
</Column>
<Column name="datum_prijeti" id="983798BD-EA13-ADDC-7B5E-54E6871081CC">
<createdBy>kubak182</createdBy>
<createdTime>2020-06-27 15:16:41 UTC</createdTime>
<generatorID>D5454FF4-7972-56B3-A06F-73B4FFDDA953</generatorID>
<ownerDesignName>jezek</ownerDesignName>
<useDomainConstraints>false</useDomainConstraints>
<use>1</use>
<logicalDatatype>LOGDT008</logicalDatatype>
<ownDataTypeParameters>,,</ownDataTypeParameters>
<autoIncrementCycle>false</autoIncrementCycle>
</Column>
<Column name="datum_vyrizeni" id="29FB0D08-5C63-7076-6E32-A11D380143CC">
<createdBy>kubak182</createdBy>
<createdTime>2020-06-27 15:16:41 UTC</createdTime>
<generatorID>1BC0F597-1C87-215D-F921-96613E55DD89</generatorID>
<ownerDesignName>jezek</ownerDesignName>
<useDomainConstraints>false</useDomainConstraints>
<use>1</use>
<logicalDatatype>LOGDT008</logicalDatatype>
<ownDataTypeParameters>,,</ownDataTypeParameters>
<autoIncrementCycle>false</autoIncrementCycle>
</Column>
</columns>
<indexes itemClass="oracle.dbtools.crest.model.design.relational.Index">
<ind_PK_UK id="B6B7376E-B8C9-7B4D-87E1-C6D45C76B891" name="OBJEDNAVKA_PK">
<createdBy>kubak182</createdBy>
<createdTime>2020-06-27 15:16:41 UTC</createdTime>
<generatorID>75595B50-C751-0D64-1A1A-B10D1B95AAA4</generatorID>
<ownerDesignName>jezek</ownerDesignName>
<pk>true</pk>
<indexState>Primary Constraint</indexState>
<isSurrogateKey>false</isSurrogateKey>
<indexColumnUsage>
<colUsage columnID="348ACB3D-DA79-40A1-E506-FBDCFA257E37"/>
<colUsage columnID="4F808FBB-85DE-6005-ECF3-F4EEBCC02EDD"/>
</indexColumnUsage>
</ind_PK_UK>
<ind_PK_UK id="415A4586-5BFF-A53D-8685-927B2D5D585F" name="OBJEDNAVKA_ZAKAZKA_FK">
<createdBy>kubak182</createdBy>
<createdTime>2020-06-27 15:16:41 UTC</createdTime>
<generatorID>12CA7171-2E19-E91E-CD2D-0B7D259A5D75</generatorID>
<ownerDesignName>jezek</ownerDesignName>
<indexState>Foreign Key</indexState>
<isSurrogateKey>false</isSurrogateKey>
<indexColumnUsage>
<colUsage columnID="4F808FBB-85DE-6005-ECF3-F4EEBCC02EDD"/>
</indexColumnUsage>
</ind_PK_UK>
<ind_PK_UK id="4D6E0EB6-B577-A738-7714-69BDB08753CB" name="OBJEDNAVKA_ZAKAZNIK_FK">
<createdBy>kubak182</createdBy>
<createdTime>2020-06-27 15:16:41 UTC</createdTime>
<generatorID>60E42145-BC81-2E4B-9707-C8B0E75DF9E9</generatorID>
<ownerDesignName>jezek</ownerDesignName>
<indexState>Foreign Key</indexState>
<isSurrogateKey>false</isSurrogateKey>
<indexColumnUsage>
<colUsage columnID="348ACB3D-DA79-40A1-E506-FBDCFA257E37"/>
</indexColumnUsage>
</ind_PK_UK>
</indexes>
</Table>
