<?xml version = '1.0' encoding = 'UTF-8'?>
<Table class="oracle.dbtools.crest.model.design.relational.Table" directorySegmentName="seg_0" id="5697C87E-AAA2-9EF9-BEAB-468B104F78BE" name="ZAKAZKA">
<createdBy>kubak182</createdBy>
<createdTime>2020-06-27 15:16:41 UTC</createdTime>
<generatorID>507E183C-CE74-2692-2873-B1F7545B8200</generatorID>
<ownerDesignName>jezek</ownerDesignName>
<allowColumnReorder>false</allowColumnReorder>
<existDependencyGenerateInDDl>true</existDependencyGenerateInDDl>
<parsed>true</parsed>
<columns itemClass="oracle.dbtools.crest.model.design.relational.Column">
<Column name="id_zakazky" id="D0236405-0C38-26B7-65DD-4538C3A182A9">
<createdBy>kubak182</createdBy>
<createdTime>2020-06-27 15:16:41 UTC</createdTime>
<generatorID>99FE7DDB-B8D3-78BF-BEC9-1DBA388B2649</generatorID>
<ownerDesignName>jezek</ownerDesignName>
<useDomainConstraints>false</useDomainConstraints>
<use>1</use>
<logicalDatatype>LOGDT019</logicalDatatype>
<ownDataTypeParameters>,,</ownDataTypeParameters>
<autoIncrementCycle>false</autoIncrementCycle>
</Column>
<Column name="celkova_cena" id="BAE8DAA7-C6A2-FC6F-74BC-5C4BC242EF6C">
<createdBy>kubak182</createdBy>
<createdTime>2020-06-27 15:16:41 UTC</createdTime>
<generatorID>B6AD74D7-3B3C-AE19-9ACF-4B83F1433B01</generatorID>
<ownerDesignName>jezek</ownerDesignName>
<useDomainConstraints>false</useDomainConstraints>
<use>1</use>
<logicalDatatype>LOGDT019</logicalDatatype>
<dataTypePrecision>38</dataTypePrecision>
<dataTypeScale>2</dataTypeScale>
<ownDataTypeParameters>,38,2</ownDataTypeParameters>
<autoIncrementCycle>false</autoIncrementCycle>
</Column>
<Column name="poznamky" id="65E14409-52F4-AC58-B716-3E74088A4AAD">
<createdBy>kubak182</createdBy>
<createdTime>2020-06-27 15:46:25 UTC</createdTime>
<generatorID>81DAFB1F-E782-1972-6E10-890F0EE03E0E</generatorID>
<ownerDesignName>jezek</ownerDesignName>
<nullsAllowed>true</nullsAllowed>
<useDomainConstraints>false</useDomainConstraints>
<use>1</use>
<logicalDatatype>LOGDT024</logicalDatatype>
<dataTypeSize>500</dataTypeSize>
<ownDataTypeParameters>500,,</ownDataTypeParameters>
<autoIncrementCycle>false</autoIncrementCycle>
</Column>
</columns>
<indexes itemClass="oracle.dbtools.crest.model.design.relational.Index">
<ind_PK_UK id="4C788417-05E7-F0CA-F715-10714FEEFC63" name="ZAKAZKA_PK">
<createdBy>kubak182</createdBy>
<createdTime>2020-06-27 15:16:41 UTC</createdTime>
<generatorID>DED1F3EE-F9D0-76C7-AAF1-ABB18E25E73D</generatorID>
<ownerDesignName>jezek</ownerDesignName>
<pk>true</pk>
<indexState>Primary Constraint</indexState>
<isSurrogateKey>false</isSurrogateKey>
<indexColumnUsage>
<colUsage columnID="D0236405-0C38-26B7-65DD-4538C3A182A9"/>
</indexColumnUsage>
</ind_PK_UK>
</indexes>
</Table>
