<?xml version = '1.0' encoding = 'UTF-8'?>
<Table class="oracle.dbtools.crest.model.design.relational.Table" directorySegmentName="seg_0" id="5987751A-2471-F2CF-AB56-BC24740222D4" name="SIDLO">
<createdBy>kubak182</createdBy>
<createdTime>2020-06-27 15:16:41 UTC</createdTime>
<generatorID>6E7C6148-C464-BF2F-3EE2-2DBCA7B6F309</generatorID>
<ownerDesignName>jezek</ownerDesignName>
<allowColumnReorder>false</allowColumnReorder>
<existDependencyGenerateInDDl>true</existDependencyGenerateInDDl>
<parsed>true</parsed>
<columns itemClass="oracle.dbtools.crest.model.design.relational.Column">
<Column name="id_sidla" id="9DA08DEF-BE09-284D-FB37-DBC30D611013">
<createdBy>kubak182</createdBy>
<createdTime>2020-06-27 15:16:41 UTC</createdTime>
<generatorID>C82DE62B-EA08-402B-7D22-330E7D18DA1A</generatorID>
<ownerDesignName>jezek</ownerDesignName>
<useDomainConstraints>false</useDomainConstraints>
<use>1</use>
<logicalDatatype>LOGDT019</logicalDatatype>
<dataTypePrecision>38</dataTypePrecision>
<dataTypeScale>2</dataTypeScale>
<ownDataTypeParameters>,38,2</ownDataTypeParameters>
<autoIncrementCycle>false</autoIncrementCycle>
</Column>
<Column name="jmeno" id="501AB2C5-53CC-AA39-85C1-2F4D6992C05D">
<createdBy>kubak182</createdBy>
<createdTime>2020-06-27 15:16:41 UTC</createdTime>
<generatorID>757723D1-BD38-B473-7385-2D9020D52C51</generatorID>
<ownerDesignName>jezek</ownerDesignName>
<useDomainConstraints>false</useDomainConstraints>
<use>1</use>
<logicalDatatype>LOGDT024</logicalDatatype>
<dataTypeSize>100</dataTypeSize>
<ownDataTypeParameters>100,,</ownDataTypeParameters>
<autoIncrementCycle>false</autoIncrementCycle>
</Column>
<Column name="ADRESA_id_adresy" id="DE8EFD95-35FC-D170-AFA7-FCAF1218791B">
<createdBy>kubak182</createdBy>
<createdTime>2020-06-27 15:16:41 UTC</createdTime>
<generatorID>992E90D4-B43F-946B-8FC2-7A153CB89F7A</generatorID>
<ownerDesignName>jezek</ownerDesignName>
<useDomainConstraints>false</useDomainConstraints>
<use>1</use>
<logicalDatatype>LOGDT019</logicalDatatype>
<dataTypePrecision>38</dataTypePrecision>
<ownDataTypeParameters>,,</ownDataTypeParameters>
<previousColumn>false</previousColumn>
<autoIncrementCycle>false</autoIncrementCycle>
<associations>
<colAssociation fkAssociation="1A65B95D-5E3E-0A53-BA28-9F1DC95F5839" referredColumn="1B8A7FA7-1D07-9F2F-13C2-D639C62DE877"/>
</associations>
</Column>
<Column name="plocha" id="E20B9EFB-342E-523A-BB98-7B843CA0A99B">
<createdBy>kubak182</createdBy>
<createdTime>2020-06-27 15:16:41 UTC</createdTime>
<generatorID>B6A67D60-CEF1-B063-2C06-39E2B3A23740</generatorID>
<ownerDesignName>jezek</ownerDesignName>
<nullsAllowed>true</nullsAllowed>
<useDomainConstraints>false</useDomainConstraints>
<use>1</use>
<logicalDatatype>LOGDT026</logicalDatatype>
<ownDataTypeParameters>,,</ownDataTypeParameters>
<autoIncrementCycle>false</autoIncrementCycle>
</Column>
<Column name="TYP_SIDLA_id_nazev_typu" id="846065D3-B0D3-751E-E0B4-DC1B44879921">
<createdBy>kubak182</createdBy>
<createdTime>2020-06-27 15:16:41 UTC</createdTime>
<generatorID>679EB2F1-89EC-9ACF-D871-A8C25BC97844</generatorID>
<ownerDesignName>jezek</ownerDesignName>
<useDomainConstraints>false</useDomainConstraints>
<use>1</use>
<logicalDatatype>LOGDT024</logicalDatatype>
<dataTypeSize>50</dataTypeSize>
<ownDataTypeParameters>,,</ownDataTypeParameters>
<previousColumn>false</previousColumn>
<autoIncrementCycle>false</autoIncrementCycle>
<associations>
<colAssociation fkAssociation="A8F66775-DB76-7E62-C9F7-CF40EEEA0E53" referredColumn="580732BC-94A0-F51E-6196-3317DF3E2449"/>
</associations>
</Column>
</columns>
<indexes itemClass="oracle.dbtools.crest.model.design.relational.Index">
<ind_PK_UK id="B82044AC-A8A0-5726-C1B9-FB1EDF766F28" name="SIDLO_PK">
<createdBy>kubak182</createdBy>
<createdTime>2020-06-27 15:16:41 UTC</createdTime>
<generatorID>2F63DBA6-E5F7-65BF-8161-5D99C881BA82</generatorID>
<ownerDesignName>jezek</ownerDesignName>
<pk>true</pk>
<indexState>Primary Constraint</indexState>
<isSurrogateKey>false</isSurrogateKey>
<indexColumnUsage>
<colUsage columnID="9DA08DEF-BE09-284D-FB37-DBC30D611013"/>
</indexColumnUsage>
</ind_PK_UK>
<ind_PK_UK id="A8017A19-85F2-5F9C-6C0C-B7B5853290DE" name="SIDLO_jmeno_UN">
<createdBy>kubak182</createdBy>
<createdTime>2020-06-27 15:16:41 UTC</createdTime>
<generatorID>E73DD6EA-5F91-D871-2DA5-BC7B249FD7C6</generatorID>
<ownerDesignName>jezek</ownerDesignName>
<indexState>Unique Constraint</indexState>
<isSurrogateKey>false</isSurrogateKey>
<indexColumnUsage>
<colUsage columnID="501AB2C5-53CC-AA39-85C1-2F4D6992C05D"/>
</indexColumnUsage>
</ind_PK_UK>
<ind_PK_UK id="10F7F8F9-AC87-4147-0E99-2AAF6FDF6CC2" name="SIDLO__IDX">
<createdBy>kubak182</createdBy>
<createdTime>2020-06-27 15:27:56 UTC</createdTime>
<ownerDesignName>jezek</ownerDesignName>
<indexState>Unique Plain Index</indexState>
<isSurrogateKey>false</isSurrogateKey>
<relationGeneratorID>54271D71-07DF-C4B0-FD25-336A06456F76</relationGeneratorID>
<indexColumnUsage>
<colUsage columnID="846065D3-B0D3-751E-E0B4-DC1B44879921"/>
</indexColumnUsage>
</ind_PK_UK>
<ind_PK_UK id="4598F5E6-DEFE-C18F-6ADD-9E06012C4E1A" name="SIDLO_TYP_SIDLA_FK">
<createdBy>kubak182</createdBy>
<createdTime>2020-06-27 15:16:41 UTC</createdTime>
<generatorID>54271D71-07DF-C4B0-FD25-336A06456F76</generatorID>
<ownerDesignName>jezek</ownerDesignName>
<indexState>Foreign Key</indexState>
<isSurrogateKey>false</isSurrogateKey>
<indexColumnUsage>
<colUsage columnID="846065D3-B0D3-751E-E0B4-DC1B44879921"/>
</indexColumnUsage>
</ind_PK_UK>
<ind_PK_UK id="F0BF3BCC-8B58-0BC6-5593-495DB3BB1E27" name="SIDLO_ADRE">
<createdBy>kubak182</createdBy>
<createdTime>2020-06-27 15:16:41 UTC</createdTime>
<generatorID>B19AB65C-D51E-F4AA-E389-7B367D1317A3</generatorID>
<ownerDesignName>jezek</ownerDesignName>
<indexState>Foreign Key</indexState>
<isSurrogateKey>false</isSurrogateKey>
<indexColumnUsage>
<colUsage columnID="DE8EFD95-35FC-D170-AFA7-FCAF1218791B"/>
</indexColumnUsage>
</ind_PK_UK>
</indexes>
</Table>
