<?xml version = '1.0' encoding = 'UTF-8'?>
<Table class="oracle.dbtools.crest.model.design.relational.Table" directorySegmentName="seg_0" id="7CAD58D2-5EEF-885C-15D2-E38641663CC6" name="ZAMESTNANEC">
<createdBy>kubak182</createdBy>
<createdTime>2020-06-27 15:16:41 UTC</createdTime>
<generatorID>D8EB755E-5DC3-2333-2282-AFD145C2C94C</generatorID>
<ownerDesignName>jezek</ownerDesignName>
<allowColumnReorder>false</allowColumnReorder>
<existDependencyGenerateInDDl>true</existDependencyGenerateInDDl>
<parsed>true</parsed>
<columns itemClass="oracle.dbtools.crest.model.design.relational.Column">
<Column name="id_zamestnanec" id="950646E7-754A-BF5E-6934-28F1967FC160">
<createdBy>kubak182</createdBy>
<createdTime>2020-06-27 15:16:41 UTC</createdTime>
<generatorID>5EC0080B-B218-99D1-1ADF-579A8D5549E3</generatorID>
<ownerDesignName>jezek</ownerDesignName>
<useDomainConstraints>false</useDomainConstraints>
<use>1</use>
<logicalDatatype>LOGDT019</logicalDatatype>
<dataTypePrecision>38</dataTypePrecision>
<ownDataTypeParameters>,38,</ownDataTypeParameters>
<autoIncrementCycle>false</autoIncrementCycle>
</Column>
<Column name="osobni_cislo" id="2078D466-E402-B8FF-2B19-73C704928CE4">
<createdBy>kubak182</createdBy>
<createdTime>2020-06-27 15:16:41 UTC</createdTime>
<generatorID>EBC4AFD9-1BE2-F221-288C-A84CD932E16B</generatorID>
<ownerDesignName>jezek</ownerDesignName>
<useDomainConstraints>false</useDomainConstraints>
<use>1</use>
<logicalDatatype>LOGDT024</logicalDatatype>
<dataTypeSize>10</dataTypeSize>
<ownDataTypeParameters>10,,</ownDataTypeParameters>
<autoIncrementCycle>false</autoIncrementCycle>
</Column>
<Column name="jmeno" id="A30F22DF-0719-E775-E817-EECE26DAE903">
<createdBy>kubak182</createdBy>
<createdTime>2020-06-27 15:16:41 UTC</createdTime>
<generatorID>A6ACC3F0-A149-9136-8CAC-0087DA972B43</generatorID>
<ownerDesignName>jezek</ownerDesignName>
<useDomainConstraints>false</useDomainConstraints>
<use>1</use>
<logicalDatatype>LOGDT024</logicalDatatype>
<dataTypeSize>100</dataTypeSize>
<ownDataTypeParameters>100,,</ownDataTypeParameters>
<autoIncrementCycle>false</autoIncrementCycle>
</Column>
<Column name="SIDLO_id_sidla" id="29EA74E5-724B-39A3-4F80-C2D21B0EFAE4">
<createdBy>kubak182</createdBy>
<createdTime>2020-06-27 15:16:41 UTC</createdTime>
<generatorID>B76FFE01-F86F-17DD-B83F-322CE0F5F1D3</generatorID>
<ownerDesignName>jezek</ownerDesignName>
<useDomainConstraints>false</useDomainConstraints>
<use>1</use>
<logicalDatatype>LOGDT019</logicalDatatype>
<dataTypePrecision>38</dataTypePrecision>
<dataTypeScale>2</dataTypeScale>
<ownDataTypeParameters>,,</ownDataTypeParameters>
<previousColumn>false</previousColumn>
<autoIncrementCycle>false</autoIncrementCycle>
<associations>
<colAssociation fkAssociation="69E295E9-A96B-DF67-5E5B-F39F56647EC4" referredColumn="9DA08DEF-BE09-284D-FB37-DBC30D611013"/>
</associations>
</Column>
</columns>
<indexes itemClass="oracle.dbtools.crest.model.design.relational.Index">
<ind_PK_UK id="85EF8A05-3380-06D8-3533-B32893017FF4" name="ZAMESTNANEC_PK">
<createdBy>kubak182</createdBy>
<createdTime>2020-06-27 15:16:41 UTC</createdTime>
<generatorID>001C2DE6-F044-66C9-6205-FF4664BB5991</generatorID>
<ownerDesignName>jezek</ownerDesignName>
<pk>true</pk>
<indexState>Primary Constraint</indexState>
<isSurrogateKey>false</isSurrogateKey>
<indexColumnUsage>
<colUsage columnID="950646E7-754A-BF5E-6934-28F1967FC160"/>
</indexColumnUsage>
</ind_PK_UK>
<ind_PK_UK id="462B4CA5-E30F-001F-CC4B-8E78A0270324" name="ZAMESTNANEC_osobni_cislo_UN">
<createdBy>kubak182</createdBy>
<createdTime>2020-06-27 15:16:41 UTC</createdTime>
<generatorID>22E38FEC-7762-3B55-7084-28BBAC54FC5D</generatorID>
<ownerDesignName>jezek</ownerDesignName>
<indexState>Unique Constraint</indexState>
<isSurrogateKey>false</isSurrogateKey>
<indexColumnUsage>
<colUsage columnID="2078D466-E402-B8FF-2B19-73C704928CE4"/>
</indexColumnUsage>
</ind_PK_UK>
<ind_PK_UK id="2346CF26-9436-2CEB-DF85-4221FE96E1E6" name="ZAMESTNANEC_SIDLO_FK">
<createdBy>kubak182</createdBy>
<createdTime>2020-06-27 15:16:41 UTC</createdTime>
<generatorID>F515758B-6973-EC57-D16B-DCFA8ECFF5EC</generatorID>
<ownerDesignName>jezek</ownerDesignName>
<indexState>Foreign Key</indexState>
<isSurrogateKey>false</isSurrogateKey>
<indexColumnUsage>
<colUsage columnID="29EA74E5-724B-39A3-4F80-C2D21B0EFAE4"/>
</indexColumnUsage>
</ind_PK_UK>
</indexes>
</Table>
