<?xml version = '1.0' encoding = 'UTF-8'?>
<Table class="oracle.dbtools.crest.model.design.relational.Table" directorySegmentName="seg_0" id="816C3BBF-9410-58CD-1D38-4A7A4E433832" name="ZAKAZNIK">
<createdBy>kubak182</createdBy>
<createdTime>2020-06-27 15:16:41 UTC</createdTime>
<generatorID>B518974A-8AAC-DA14-DA9F-7D9AE51318AE</generatorID>
<ownerDesignName>jezek</ownerDesignName>
<allowColumnReorder>false</allowColumnReorder>
<existDependencyGenerateInDDl>true</existDependencyGenerateInDDl>
<parsed>true</parsed>
<columns itemClass="oracle.dbtools.crest.model.design.relational.Column">
<Column name="id_zakaznik" id="E620C7B0-44CF-5F3B-244E-2A51BE742D33">
<createdBy>kubak182</createdBy>
<createdTime>2020-06-27 15:16:41 UTC</createdTime>
<generatorID>C6A8C45B-7C9D-F82E-25AD-A5AE17DDC2EA</generatorID>
<ownerDesignName>jezek</ownerDesignName>
<useDomainConstraints>false</useDomainConstraints>
<use>1</use>
<logicalDatatype>LOGDT019</logicalDatatype>
<ownDataTypeParameters>,,</ownDataTypeParameters>
<autoIncrementCycle>false</autoIncrementCycle>
</Column>
<Column name="telefon" id="78A93A1E-4E6D-5B72-A87F-825B0CBFCEEC">
<createdBy>kubak182</createdBy>
<createdTime>2020-06-27 15:16:41 UTC</createdTime>
<generatorID>2B82179D-E7DF-1F90-900B-D1AB447789C7</generatorID>
<ownerDesignName>jezek</ownerDesignName>
<useDomainConstraints>false</useDomainConstraints>
<use>1</use>
<logicalDatatype>LOGDT024</logicalDatatype>
<dataTypeSize>100</dataTypeSize>
<ownDataTypeParameters>100,,</ownDataTypeParameters>
<autoIncrementCycle>false</autoIncrementCycle>
</Column>
<Column name="ADRESA_id_adresy" id="432465F2-C2CE-7BD8-5F5E-5750EDB1A55D">
<createdBy>kubak182</createdBy>
<createdTime>2020-06-27 15:16:41 UTC</createdTime>
<generatorID>749FD6E2-228D-E6F3-8316-090A06005CA7</generatorID>
<ownerDesignName>jezek</ownerDesignName>
<nullsAllowed>true</nullsAllowed>
<useDomainConstraints>false</useDomainConstraints>
<use>1</use>
<logicalDatatype>LOGDT019</logicalDatatype>
<dataTypePrecision>38</dataTypePrecision>
<ownDataTypeParameters>,,</ownDataTypeParameters>
<previousColumn>false</previousColumn>
<autoIncrementCycle>false</autoIncrementCycle>
<associations>
<colAssociation fkAssociation="E922AA6B-8DF8-5C24-130D-9238F12EC939" referredColumn="1B8A7FA7-1D07-9F2F-13C2-D639C62DE877"/>
</associations>
</Column>
<Column name="jmeno" id="1242C4E1-EB51-E612-F267-DCD1B022D9D2">
<createdBy>kubak182</createdBy>
<createdTime>2020-06-27 15:16:41 UTC</createdTime>
<generatorID>BFD41B6C-9DA4-606B-7C38-E342A2ED261A</generatorID>
<ownerDesignName>jezek</ownerDesignName>
<useDomainConstraints>false</useDomainConstraints>
<use>1</use>
<logicalDatatype>LOGDT024</logicalDatatype>
<dataTypeSize>100</dataTypeSize>
<ownDataTypeParameters>100,,</ownDataTypeParameters>
<autoIncrementCycle>false</autoIncrementCycle>
</Column>
<Column name="email" id="7C924E14-026D-6ED9-B721-642195072C8A">
<createdBy>kubak182</createdBy>
<createdTime>2020-06-27 15:16:41 UTC</createdTime>
<generatorID>54E68E98-75DF-FF79-1871-86E079715F7F</generatorID>
<ownerDesignName>jezek</ownerDesignName>
<useDomainConstraints>false</useDomainConstraints>
<use>1</use>
<logicalDatatype>LOGDT024</logicalDatatype>
<dataTypeSize>400</dataTypeSize>
<ownDataTypeParameters>400,,</ownDataTypeParameters>
<autoIncrementCycle>false</autoIncrementCycle>
</Column>
<Column name="ZAKAZNIK_TYPE" id="373ACD38-C3A6-F3E4-3223-A9C774F9146B">
<createdBy>kubak182</createdBy>
<createdTime>2020-06-27 15:16:41 UTC</createdTime>
<ownerDesignName>jezek</ownerDesignName>
<constraintName>CH_INH_ZAKAZNIK</constraintName>
<useDomainConstraints>false</useDomainConstraints>
<use>1</use>
<logicalDatatype>LOGDT024</logicalDatatype>
<dataTypeSize>11</dataTypeSize>
<listOfValues>
<valueDef value="MALOOBCHOD" description="entity MALOOBCHOD"/>
<valueDef value="VELKOOBCHOD" description="entity VELKOOBCHOD"/>
</listOfValues>
<ownDataTypeParameters>11,,</ownDataTypeParameters>
<autoIncrementCycle>false</autoIncrementCycle>
<isDiscriminatorColumn>true</isDiscriminatorColumn>
</Column>
</columns>
<indexes itemClass="oracle.dbtools.crest.model.design.relational.Index">
<ind_PK_UK id="2886CD5A-DC51-A70B-E00C-601DC4F7724E" name="ZAKAZNIK_PK">
<createdBy>kubak182</createdBy>
<createdTime>2020-06-27 15:16:41 UTC</createdTime>
<generatorID>FBB1D7FB-609D-9541-E02D-F8E64836FEF5</generatorID>
<ownerDesignName>jezek</ownerDesignName>
<pk>true</pk>
<indexState>Primary Constraint</indexState>
<isSurrogateKey>false</isSurrogateKey>
<indexColumnUsage>
<colUsage columnID="E620C7B0-44CF-5F3B-244E-2A51BE742D33"/>
</indexColumnUsage>
</ind_PK_UK>
<ind_PK_UK id="9C086F95-698A-5305-3A4F-DC847DBCD9AC" name="ZAKAZNIK_telefon_UN">
<createdBy>kubak182</createdBy>
<createdTime>2020-06-27 15:16:41 UTC</createdTime>
<generatorID>E9855D4D-DD94-86DD-5E94-D726A056EE08</generatorID>
<ownerDesignName>jezek</ownerDesignName>
<indexState>Unique Constraint</indexState>
<isSurrogateKey>false</isSurrogateKey>
<indexColumnUsage>
<colUsage columnID="78A93A1E-4E6D-5B72-A87F-825B0CBFCEEC"/>
</indexColumnUsage>
</ind_PK_UK>
<ind_PK_UK id="5911F0C9-C784-C1C1-53E6-43CCE9DCF9A0" name="ZAKAZNIK_ADRESA_FK">
<createdBy>kubak182</createdBy>
<createdTime>2020-06-27 15:16:41 UTC</createdTime>
<generatorID>61F59434-B0FA-8A9A-0EA3-33A2E50BE25F</generatorID>
<ownerDesignName>jezek</ownerDesignName>
<indexState>Foreign Key</indexState>
<isSurrogateKey>false</isSurrogateKey>
<indexColumnUsage>
<colUsage columnID="432465F2-C2CE-7BD8-5F5E-5750EDB1A55D"/>
</indexColumnUsage>
</ind_PK_UK>
</indexes>
</Table>
