<?xml version = '1.0' encoding = 'UTF-8'?>
<Table class="oracle.dbtools.crest.model.design.relational.Table" directorySegmentName="seg_0" id="88E708DC-FE8E-9205-0267-4A2DA532CA10" name="UDRZBA">
<createdBy>kubak182</createdBy>
<createdTime>2020-06-27 15:16:41 UTC</createdTime>
<generatorID>DA1F6C57-4A89-8726-3605-EDC4422CD90B</generatorID>
<ownerDesignName>jezek</ownerDesignName>
<allowColumnReorder>false</allowColumnReorder>
<existDependencyGenerateInDDl>true</existDependencyGenerateInDDl>
<parsed>true</parsed>
<columns itemClass="oracle.dbtools.crest.model.design.relational.Column">
<Column name="NABIDKA_SLUZBY_id_nabidky" id="B082C0EF-B8F5-E418-27C9-3B7037A81AD6">
<createdBy>kubak182</createdBy>
<createdTime>2020-06-27 15:16:41 UTC</createdTime>
<generatorID>0E00084B-32F2-044D-1E40-97B7B9EAE33E</generatorID>
<ownerDesignName>jezek</ownerDesignName>
<useDomainConstraints>false</useDomainConstraints>
<use>1</use>
<logicalDatatype>LOGDT019</logicalDatatype>
<ownDataTypeParameters>,,</ownDataTypeParameters>
<previousColumn>false</previousColumn>
<autoIncrementCycle>false</autoIncrementCycle>
<associations>
<colAssociation fkAssociation="AB180A5C-9240-BC59-3F75-1A7627E9C235" referredColumn="85ECDD17-6C97-6E54-F4A6-8007D090FCB3"/>
</associations>
</Column>
<Column name="cas" id="A16EF3CE-653B-745A-155A-F68FCF906530">
<createdBy>kubak182</createdBy>
<createdTime>2020-06-27 15:16:41 UTC</createdTime>
<generatorID>43B929C5-9F3F-D61A-B720-CEA5D33E9F47</generatorID>
<ownerDesignName>jezek</ownerDesignName>
<useDomainConstraints>false</useDomainConstraints>
<use>1</use>
<logicalDatatype>LOGDT008</logicalDatatype>
<ownDataTypeParameters>,,</ownDataTypeParameters>
<autoIncrementCycle>false</autoIncrementCycle>
</Column>
<Column name="naceneni" id="3A51CA02-FA2E-7BBC-A974-A766F3517589">
<createdBy>kubak182</createdBy>
<createdTime>2020-06-27 15:16:41 UTC</createdTime>
<generatorID>2199CD32-0147-C8BE-EDE8-9CA64B668B25</generatorID>
<ownerDesignName>jezek</ownerDesignName>
<useDomainConstraints>false</useDomainConstraints>
<use>1</use>
<logicalDatatype>LOGDT019</logicalDatatype>
<dataTypePrecision>38</dataTypePrecision>
<dataTypeScale>2</dataTypeScale>
<ownDataTypeParameters>,38,2</ownDataTypeParameters>
<autoIncrementCycle>false</autoIncrementCycle>
</Column>
</columns>
<indexes itemClass="oracle.dbtools.crest.model.design.relational.Index">
<ind_PK_UK id="DDC7C04B-2C3A-4B1F-9B21-A1529E533798" name="UDRZBA_PK">
<createdBy>kubak182</createdBy>
<createdTime>2020-06-27 15:16:41 UTC</createdTime>
<generatorID>BF474898-4288-B99D-C829-D38DF65D239D</generatorID>
<ownerDesignName>jezek</ownerDesignName>
<pk>true</pk>
<indexState>Primary Constraint</indexState>
<isSurrogateKey>false</isSurrogateKey>
<indexColumnUsage>
<colUsage columnID="B082C0EF-B8F5-E418-27C9-3B7037A81AD6"/>
</indexColumnUsage>
</ind_PK_UK>
<ind_PK_UK id="5E5A3210-DB0E-E9F1-8C94-03FE2E7D9DE0" name="UDRZBA_NABIDKA_SLUZBY_FK">
<createdBy>kubak182</createdBy>
<createdTime>2020-06-27 15:16:41 UTC</createdTime>
<generatorID>F0DE9C0A-A1E9-D432-BC4D-E3FA7CC7F446</generatorID>
<ownerDesignName>jezek</ownerDesignName>
<indexState>Foreign Key</indexState>
<isSurrogateKey>false</isSurrogateKey>
<indexColumnUsage>
<colUsage columnID="B082C0EF-B8F5-E418-27C9-3B7037A81AD6"/>
</indexColumnUsage>
</ind_PK_UK>
</indexes>
</Table>
