<?xml version = '1.0' encoding = 'UTF-8'?>
<Table class="oracle.dbtools.crest.model.design.relational.Table" directorySegmentName="seg_0" id="9560664B-7FB9-D066-F0EB-CD7E3FC97845" name="SKLAD_TECHNIKY">
<createdBy>kubak182</createdBy>
<createdTime>2020-06-27 15:16:41 UTC</createdTime>
<generatorID>6BB4785C-1373-A4D3-E88D-417C3EFAF524</generatorID>
<ownerDesignName>jezek</ownerDesignName>
<allowColumnReorder>false</allowColumnReorder>
<existDependencyGenerateInDDl>true</existDependencyGenerateInDDl>
<parsed>true</parsed>
<columns itemClass="oracle.dbtools.crest.model.design.relational.Column">
<Column name="id_skladu_techniky" id="25E13AEE-BAB1-F6C1-972B-1792C3010C24">
<createdBy>kubak182</createdBy>
<createdTime>2020-06-27 15:16:41 UTC</createdTime>
<generatorID>162D1F39-5266-760F-55A5-C56F095E625D</generatorID>
<ownerDesignName>jezek</ownerDesignName>
<useDomainConstraints>false</useDomainConstraints>
<use>1</use>
<logicalDatatype>LOGDT019</logicalDatatype>
<ownDataTypeParameters>,,</ownDataTypeParameters>
<autoIncrementCycle>false</autoIncrementCycle>
</Column>
<Column name="nazev_skladu_techniky" id="622853A1-120B-57E5-7101-4432D650846B">
<createdBy>kubak182</createdBy>
<createdTime>2020-06-27 15:16:41 UTC</createdTime>
<generatorID>281C3EB8-6AE9-B7E4-ABCF-4A327A9A852A</generatorID>
<ownerDesignName>jezek</ownerDesignName>
<useDomainConstraints>false</useDomainConstraints>
<use>1</use>
<logicalDatatype>LOGDT024</logicalDatatype>
<dataTypeSize>500</dataTypeSize>
<ownDataTypeParameters>500,,</ownDataTypeParameters>
<autoIncrementCycle>false</autoIncrementCycle>
</Column>
<Column name="popis" id="852E4CAE-81C8-55E7-9CDE-A52566DFB8BC">
<createdBy>kubak182</createdBy>
<createdTime>2020-06-27 15:16:41 UTC</createdTime>
<generatorID>AEAE7C47-E7AA-44D5-B158-202F964BB5EB</generatorID>
<ownerDesignName>jezek</ownerDesignName>
<nullsAllowed>true</nullsAllowed>
<useDomainConstraints>false</useDomainConstraints>
<use>1</use>
<logicalDatatype>LOGDT024</logicalDatatype>
<dataTypeSize>4000</dataTypeSize>
<ownDataTypeParameters>4000,,</ownDataTypeParameters>
<autoIncrementCycle>false</autoIncrementCycle>
</Column>
<Column name="porizovaci_cena" id="B81949E6-B391-09A1-8194-22EC91B81910">
<createdBy>kubak182</createdBy>
<createdTime>2020-06-27 15:16:41 UTC</createdTime>
<generatorID>A5090C13-865B-6963-0979-24329C4CA913</generatorID>
<ownerDesignName>jezek</ownerDesignName>
<useDomainConstraints>false</useDomainConstraints>
<use>1</use>
<logicalDatatype>LOGDT019</logicalDatatype>
<dataTypePrecision>38</dataTypePrecision>
<dataTypeScale>2</dataTypeScale>
<ownDataTypeParameters>,38,2</ownDataTypeParameters>
<autoIncrementCycle>false</autoIncrementCycle>
</Column>
<Column name="SIDLO_id_sidla" id="A00AC531-365F-474C-F55C-008B52DBD2D4">
<createdBy>kubak182</createdBy>
<createdTime>2020-06-27 15:40:05 UTC</createdTime>
<ownerDesignName>jezek</ownerDesignName>
<nullsAllowed>true</nullsAllowed>
<useDomainConstraints>false</useDomainConstraints>
<use>1</use>
<logicalDatatype>LOGDT019</logicalDatatype>
<dataTypePrecision>38</dataTypePrecision>
<dataTypeScale>2</dataTypeScale>
<ownDataTypeParameters>,,</ownDataTypeParameters>
<previousColumn>false</previousColumn>
<autoIncrementCycle>false</autoIncrementCycle>
<associations>
<colAssociation fkAssociation="677DA81A-6908-DEEE-66C9-DFF12148FFD5" referredColumn="9DA08DEF-BE09-284D-FB37-DBC30D611013"/>
</associations>
</Column>
</columns>
<indexes itemClass="oracle.dbtools.crest.model.design.relational.Index">
<ind_PK_UK id="71500A3A-3E0E-0A4C-7B5A-0E0FE8B1E0D6" name="SKLAD_TECHNIKY_PK">
<createdBy>kubak182</createdBy>
<createdTime>2020-06-27 15:16:41 UTC</createdTime>
<generatorID>9F6E0416-6941-4BF3-5457-3EA40179AF9A</generatorID>
<ownerDesignName>jezek</ownerDesignName>
<pk>true</pk>
<indexState>Primary Constraint</indexState>
<isSurrogateKey>false</isSurrogateKey>
<indexColumnUsage>
<colUsage columnID="25E13AEE-BAB1-F6C1-972B-1792C3010C24"/>
</indexColumnUsage>
</ind_PK_UK>
<ind_PK_UK id="8A2B0FB2-196B-BFCF-E54F-3534D6245146" name="nazev_skladu_techniky_UN">
<createdBy>kubak182</createdBy>
<createdTime>2020-06-27 15:16:41 UTC</createdTime>
<generatorID>27B25E49-E585-FC0E-8BFC-55514EBBC6B5</generatorID>
<ownerDesignName>jezek</ownerDesignName>
<indexState>Unique Constraint</indexState>
<isSurrogateKey>false</isSurrogateKey>
<indexColumnUsage>
<colUsage columnID="622853A1-120B-57E5-7101-4432D650846B"/>
</indexColumnUsage>
</ind_PK_UK>
<ind_PK_UK id="E20B3960-053F-C32A-43BA-429BC55FE13B" name="SKLAD_TECHNIKY_SIDLO_FK">
<createdBy>kubak182</createdBy>
<createdTime>2020-06-27 15:37:57 UTC</createdTime>
<generatorID>F40A6194-99A7-A323-6B04-A3BDE3EE4ED7</generatorID>
<ownerDesignName>jezek</ownerDesignName>
<indexState>Foreign Key</indexState>
<isSurrogateKey>false</isSurrogateKey>
<indexColumnUsage>
<colUsage columnID="A00AC531-365F-474C-F55C-008B52DBD2D4"/>
</indexColumnUsage>
</ind_PK_UK>
</indexes>
</Table>
