<?xml version = '1.0' encoding = 'UTF-8'?>
<Table class="oracle.dbtools.crest.model.design.relational.Table" directorySegmentName="seg_0" id="9AE30CDD-9C27-B74C-1C26-40F27FF71231" name="MATERIAL">
<createdBy>kubak182</createdBy>
<createdTime>2020-06-27 15:16:41 UTC</createdTime>
<generatorID>FF9CD595-575D-FAB9-F84F-FFA4ECC69A48</generatorID>
<ownerDesignName>jezek</ownerDesignName>
<allowColumnReorder>false</allowColumnReorder>
<existDependencyGenerateInDDl>true</existDependencyGenerateInDDl>
<parsed>true</parsed>
<columns itemClass="oracle.dbtools.crest.model.design.relational.Column">
<Column name="datum_pouziti" id="FB38968F-183C-C763-B248-C92FCEDF7878">
<createdBy>kubak182</createdBy>
<createdTime>2020-06-27 15:16:41 UTC</createdTime>
<generatorID>550D82B0-C306-777F-92F2-A2EB0BEC964C</generatorID>
<ownerDesignName>jezek</ownerDesignName>
<useDomainConstraints>false</useDomainConstraints>
<use>1</use>
<logicalDatatype>LOGDT007</logicalDatatype>
<ownDataTypeParameters>,,</ownDataTypeParameters>
<autoIncrementCycle>false</autoIncrementCycle>
</Column>
<Column name="f_id_zakazky" id="9C8268A1-1827-E3AF-D5A6-9E5092AA14D9">
<createdBy>kubak182</createdBy>
<createdTime>2020-06-27 15:16:41 UTC</createdTime>
<generatorID>E376039A-D99E-9F2D-1E78-B9CC4F6017DF</generatorID>
<ownerDesignName>jezek</ownerDesignName>
<useDomainConstraints>false</useDomainConstraints>
<use>1</use>
<logicalDatatype>LOGDT019</logicalDatatype>
<ownDataTypeParameters>,,</ownDataTypeParameters>
<previousColumn>false</previousColumn>
<autoIncrementCycle>false</autoIncrementCycle>
<associations>
<colAssociation fkAssociation="AECDAF67-14B5-EC96-B65F-D4AFA2FC65AE" referredColumn="D0236405-0C38-26B7-65DD-4538C3A182A9"/>
</associations>
</Column>
<Column name="mnozstvi" id="3EBD2A33-5F39-F4D1-B5E9-ACA72E8349D6">
<createdBy>kubak182</createdBy>
<createdTime>2020-06-27 15:16:41 UTC</createdTime>
<generatorID>00311B41-8053-0C34-E65A-58A9A709FEFC</generatorID>
<ownerDesignName>jezek</ownerDesignName>
<useDomainConstraints>false</useDomainConstraints>
<use>1</use>
<logicalDatatype>LOGDT019</logicalDatatype>
<ownDataTypeParameters>,,</ownDataTypeParameters>
<autoIncrementCycle>false</autoIncrementCycle>
</Column>
<Column name="popis" id="1EF49B9E-7CD7-D69B-6D1E-1016A1B5508D">
<createdBy>kubak182</createdBy>
<createdTime>2020-06-27 15:16:41 UTC</createdTime>
<generatorID>F4D45207-8303-7090-53CE-7EEC19D8E27A</generatorID>
<ownerDesignName>jezek</ownerDesignName>
<nullsAllowed>true</nullsAllowed>
<useDomainConstraints>false</useDomainConstraints>
<use>1</use>
<logicalDatatype>LOGDT024</logicalDatatype>
<dataTypeSize>500</dataTypeSize>
<ownDataTypeParameters>500,,</ownDataTypeParameters>
<autoIncrementCycle>false</autoIncrementCycle>
</Column>
<Column name="f_id_skladu_materialu" id="DE633121-DC73-C51E-41E4-56A261520EF2">
<createdBy>kubak182</createdBy>
<createdTime>2020-06-27 15:16:41 UTC</createdTime>
<generatorID>6C254213-9EBD-3961-16A8-964EF7948CA9</generatorID>
<ownerDesignName>jezek</ownerDesignName>
<useDomainConstraints>false</useDomainConstraints>
<use>1</use>
<logicalDatatype>LOGDT019</logicalDatatype>
<dataTypePrecision>38</dataTypePrecision>
<ownDataTypeParameters>,,</ownDataTypeParameters>
<previousColumn>false</previousColumn>
<autoIncrementCycle>false</autoIncrementCycle>
<associations>
<colAssociation fkAssociation="519800CB-A3E4-84D2-8B01-36757AC4D941" referredColumn="6E294866-6E1F-E4D2-A038-CBFC6FB27C48"/>
</associations>
</Column>
<Column name="id_materialu" id="6427303B-BAC8-21F3-467E-A9E0E57CEC80">
<createdBy>kubak182</createdBy>
<createdTime>2020-06-27 15:37:57 UTC</createdTime>
<generatorID>AD7ACD9E-FC74-27FF-E40D-B4B49681D4FA</generatorID>
<ownerDesignName>jezek</ownerDesignName>
<useDomainConstraints>false</useDomainConstraints>
<use>1</use>
<logicalDatatype>LOGDT019</logicalDatatype>
<ownDataTypeParameters>,,</ownDataTypeParameters>
<autoIncrementCycle>false</autoIncrementCycle>
</Column>
<Column name="jmeno_materialu" id="6AC0E076-676D-32E1-4F89-25797152BC91">
<createdBy>kubak182</createdBy>
<createdTime>2020-06-27 15:37:57 UTC</createdTime>
<generatorID>C5932C48-B7A1-46FE-43BF-6D1038818F25</generatorID>
<ownerDesignName>jezek</ownerDesignName>
<useDomainConstraints>false</useDomainConstraints>
<use>1</use>
<logicalDatatype>LOGDT024</logicalDatatype>
<dataTypeSize>300</dataTypeSize>
<ownDataTypeParameters>300,,</ownDataTypeParameters>
<autoIncrementCycle>false</autoIncrementCycle>
</Column>
<Column name="skladem" id="51DA8FE2-CF56-CCF1-4D7F-1D194C0E5E3C">
<createdBy>kubak182</createdBy>
<createdTime>2020-06-27 15:43:03 UTC</createdTime>
<generatorID>EEB95B05-8BAC-9DA5-F0ED-EDA746748344</generatorID>
<ownerDesignName>jezek</ownerDesignName>
<useDomainConstraints>false</useDomainConstraints>
<use>1</use>
<logicalDatatype>LOGDT019</logicalDatatype>
<ownDataTypeParameters>,,</ownDataTypeParameters>
<autoIncrementCycle>false</autoIncrementCycle>
</Column>
<Column name="cena" id="26FD022C-2DF3-EB6D-C57E-F11C7500F310">
<createdBy>kubak182</createdBy>
<createdTime>2020-06-27 15:43:03 UTC</createdTime>
<generatorID>5AA47ACA-A9D0-51A6-AF2B-6816C528899A</generatorID>
<ownerDesignName>jezek</ownerDesignName>
<nullsAllowed>true</nullsAllowed>
<useDomainConstraints>false</useDomainConstraints>
<use>1</use>
<logicalDatatype>LOGDT019</logicalDatatype>
<dataTypeScale>2</dataTypeScale>
<ownDataTypeParameters>,,2</ownDataTypeParameters>
<autoIncrementCycle>false</autoIncrementCycle>
</Column>
<Column name="porizovaci_cena" id="C5E3780A-4389-F2B3-5052-E45EF614697A">
<createdBy>kubak182</createdBy>
<createdTime>2020-06-27 15:43:03 UTC</createdTime>
<generatorID>182F29E8-C44C-A246-1674-29A6CBE71A49</generatorID>
<ownerDesignName>jezek</ownerDesignName>
<useDomainConstraints>false</useDomainConstraints>
<use>1</use>
<logicalDatatype>LOGDT019</logicalDatatype>
<dataTypeScale>2</dataTypeScale>
<ownDataTypeParameters>,,2</ownDataTypeParameters>
<autoIncrementCycle>false</autoIncrementCycle>
</Column>
</columns>
<indexes itemClass="oracle.dbtools.crest.model.design.relational.Index">
<ind_PK_UK id="091C3A36-99FB-3186-1490-1BF08B8A39B7" name="MATERIAL_PK">
<createdBy>kubak182</createdBy>
<createdTime>2020-06-27 15:16:41 UTC</createdTime>
<generatorID>77AAFC62-C6EE-BA36-98C7-DAC4C36EF546</generatorID>
<ownerDesignName>jezek</ownerDesignName>
<pk>true</pk>
<indexState>Primary Constraint</indexState>
<isSurrogateKey>false</isSurrogateKey>
<indexColumnUsage>
<colUsage columnID="9C8268A1-1827-E3AF-D5A6-9E5092AA14D9"/>
<colUsage columnID="DE633121-DC73-C51E-41E4-56A261520EF2"/>
<colUsage columnID="6427303B-BAC8-21F3-467E-A9E0E57CEC80"/>
</indexColumnUsage>
</ind_PK_UK>
<ind_PK_UK id="40FD4426-97F8-1F8D-2687-5AB45B122865" name="MATERIAL_jmeno_materialu_UN">
<createdBy>kubak182</createdBy>
<createdTime>2020-06-27 15:37:57 UTC</createdTime>
<generatorID>F646799F-73BF-F1C2-B9C2-53038C6440C0</generatorID>
<ownerDesignName>jezek</ownerDesignName>
<indexState>Unique Constraint</indexState>
<isSurrogateKey>false</isSurrogateKey>
<indexColumnUsage>
<colUsage columnID="6AC0E076-676D-32E1-4F89-25797152BC91"/>
</indexColumnUsage>
</ind_PK_UK>
<ind_PK_UK id="9CC376F6-BD40-6FBF-43CF-6B8BE6D5162E" name="MATERIAL_ZAKAZKA_FK">
<createdBy>kubak182</createdBy>
<createdTime>2020-06-27 15:16:41 UTC</createdTime>
<generatorID>F303FD7B-F110-8A09-76EB-0C3CD6C859BD</generatorID>
<ownerDesignName>jezek</ownerDesignName>
<indexState>Foreign Key</indexState>
<isSurrogateKey>false</isSurrogateKey>
<indexColumnUsage>
<colUsage columnID="9C8268A1-1827-E3AF-D5A6-9E5092AA14D9"/>
</indexColumnUsage>
</ind_PK_UK>
<ind_PK_UK id="697839E0-879D-E91E-2535-E435B468B07B" name="MATERIAL_SKLAD_MATERIALU_FK">
<createdBy>kubak182</createdBy>
<createdTime>2020-06-27 15:16:41 UTC</createdTime>
<generatorID>0A750CD3-1DA0-7694-B8EE-F09DF9DA5883</generatorID>
<ownerDesignName>jezek</ownerDesignName>
<indexState>Foreign Key</indexState>
<isSurrogateKey>false</isSurrogateKey>
<indexColumnUsage>
<colUsage columnID="DE633121-DC73-C51E-41E4-56A261520EF2"/>
</indexColumnUsage>
</ind_PK_UK>
</indexes>
</Table>
