<?xml version = '1.0' encoding = 'UTF-8'?>
<Table class="oracle.dbtools.crest.model.design.relational.Table" directorySegmentName="seg_0" id="A08ECF32-331E-1867-6A4F-3CC17204EF1A" name="REALIZACE">
<createdBy>kubak182</createdBy>
<createdTime>2020-06-27 15:16:41 UTC</createdTime>
<generatorID>A588F84D-CEED-534F-9EE5-6535E56E0B9B</generatorID>
<ownerDesignName>jezek</ownerDesignName>
<allowColumnReorder>false</allowColumnReorder>
<existDependencyGenerateInDDl>true</existDependencyGenerateInDDl>
<parsed>true</parsed>
<columns itemClass="oracle.dbtools.crest.model.design.relational.Column">
<Column name="NABIDKA_SLUZBY_id_nabidky" id="BEA7EE0C-1DF7-3055-8F55-F7AA9B651347">
<createdBy>kubak182</createdBy>
<createdTime>2020-06-27 15:16:41 UTC</createdTime>
<generatorID>95F95453-91DD-0C63-3721-916BFCD1A3CE</generatorID>
<ownerDesignName>jezek</ownerDesignName>
<useDomainConstraints>false</useDomainConstraints>
<use>1</use>
<logicalDatatype>LOGDT019</logicalDatatype>
<ownDataTypeParameters>,,</ownDataTypeParameters>
<previousColumn>false</previousColumn>
<autoIncrementCycle>false</autoIncrementCycle>
<associations>
<colAssociation fkAssociation="B3E8773D-80B9-DE23-7C66-F8D402574244" referredColumn="85ECDD17-6C97-6E54-F4A6-8007D090FCB3"/>
</associations>
</Column>
<Column name="plocha" id="EA5CDE3B-48CC-5446-2277-46FBCEAFAFB8">
<createdBy>kubak182</createdBy>
<createdTime>2020-06-27 15:16:41 UTC</createdTime>
<generatorID>C70DCABA-4366-C977-1DAD-1C42C5F0F8B9</generatorID>
<ownerDesignName>jezek</ownerDesignName>
<useDomainConstraints>false</useDomainConstraints>
<use>1</use>
<logicalDatatype>LOGDT024</logicalDatatype>
<dataTypeSize>100</dataTypeSize>
<ownDataTypeParameters>100,,</ownDataTypeParameters>
<autoIncrementCycle>false</autoIncrementCycle>
</Column>
<Column name="naceneni" id="03D6872C-9F84-42C5-2D90-BAD2A888317B">
<createdBy>kubak182</createdBy>
<createdTime>2020-06-27 15:16:41 UTC</createdTime>
<generatorID>331D2DA1-6782-8E2A-162B-ADB607B2062E</generatorID>
<ownerDesignName>jezek</ownerDesignName>
<useDomainConstraints>false</useDomainConstraints>
<use>1</use>
<logicalDatatype>LOGDT019</logicalDatatype>
<dataTypeScale>2</dataTypeScale>
<ownDataTypeParameters>,,2</ownDataTypeParameters>
<autoIncrementCycle>false</autoIncrementCycle>
</Column>
<Column name="cas" id="2DD97B33-CA87-99F2-726A-91A6628C3FC5">
<createdBy>kubak182</createdBy>
<createdTime>2020-06-27 15:16:41 UTC</createdTime>
<generatorID>3C362D4F-FE8B-579B-B886-AD27E6F5756D</generatorID>
<ownerDesignName>jezek</ownerDesignName>
<nullsAllowed>true</nullsAllowed>
<useDomainConstraints>false</useDomainConstraints>
<use>1</use>
<logicalDatatype>LOGDT008</logicalDatatype>
<ownDataTypeParameters>,,</ownDataTypeParameters>
<autoIncrementCycle>false</autoIncrementCycle>
</Column>
</columns>
<indexes itemClass="oracle.dbtools.crest.model.design.relational.Index">
<ind_PK_UK id="AD08B626-6101-3733-FE7F-6955B438ED25" name="REALIZACE_PK">
<createdBy>kubak182</createdBy>
<createdTime>2020-06-27 15:16:41 UTC</createdTime>
<generatorID>4B8216F2-4DD3-4695-6AEA-2135787F2F3D</generatorID>
<ownerDesignName>jezek</ownerDesignName>
<pk>true</pk>
<indexState>Primary Constraint</indexState>
<isSurrogateKey>false</isSurrogateKey>
<indexColumnUsage>
<colUsage columnID="BEA7EE0C-1DF7-3055-8F55-F7AA9B651347"/>
</indexColumnUsage>
</ind_PK_UK>
<ind_PK_UK id="4938D3FA-5B50-7016-20B8-7AF8E61CA9CF" name="REALIZACE_NABIDKA_SLUZBY_FK">
<createdBy>kubak182</createdBy>
<createdTime>2020-06-27 15:16:41 UTC</createdTime>
<generatorID>E89E88A6-C2CF-54D5-FC16-AFFF27EC1FA8</generatorID>
<ownerDesignName>jezek</ownerDesignName>
<indexState>Foreign Key</indexState>
<isSurrogateKey>false</isSurrogateKey>
<indexColumnUsage>
<colUsage columnID="BEA7EE0C-1DF7-3055-8F55-F7AA9B651347"/>
</indexColumnUsage>
</ind_PK_UK>
</indexes>
</Table>
