<?xml version = '1.0' encoding = 'UTF-8'?>
<Table class="oracle.dbtools.crest.model.design.relational.Table" directorySegmentName="seg_0" id="A695C058-A024-4843-9C2D-34BE87C22893" name="VELKOOBCHOD">
<createdBy>kubak182</createdBy>
<createdTime>2020-06-27 15:16:41 UTC</createdTime>
<generatorID>321C701E-17C3-C051-F5B5-65EB76A8F9FB</generatorID>
<ownerDesignName>jezek</ownerDesignName>
<allowColumnReorder>false</allowColumnReorder>
<existDependencyGenerateInDDl>true</existDependencyGenerateInDDl>
<parsed>true</parsed>
<columns itemClass="oracle.dbtools.crest.model.design.relational.Column">
<Column name="id_zakaznik" id="9190821F-1270-A072-C066-F8120E4296EC">
<createdBy>kubak182</createdBy>
<createdTime>2020-06-27 15:16:41 UTC</createdTime>
<generatorID>C6A8C45B-7C9D-F82E-25AD-A5AE17DDC2EA</generatorID>
<ownerDesignName>jezek</ownerDesignName>
<useDomainConstraints>false</useDomainConstraints>
<use>1</use>
<logicalDatatype>LOGDT019</logicalDatatype>
<ownDataTypeParameters>,,</ownDataTypeParameters>
<autoIncrementCycle>false</autoIncrementCycle>
<associations>
<colAssociation fkAssociation="93B3BDCE-262E-D26C-ACF9-2F44A5C765B9" referredColumn="E620C7B0-44CF-5F3B-244E-2A51BE742D33"/>
</associations>
</Column>
<Column name="ICO" id="7302A83A-1FF9-03B7-FE10-8EC00BF1C328">
<createdBy>kubak182</createdBy>
<createdTime>2020-06-27 15:16:41 UTC</createdTime>
<generatorID>3C02E1F7-2886-2E62-606B-6F2E0D1097DC</generatorID>
<ownerDesignName>jezek</ownerDesignName>
<useDomainConstraints>false</useDomainConstraints>
<use>1</use>
<logicalDatatype>LOGDT024</logicalDatatype>
<dataTypeSize>10</dataTypeSize>
<ownDataTypeParameters>10,,</ownDataTypeParameters>
<autoIncrementCycle>false</autoIncrementCycle>
</Column>
<Column name="DIC" id="ABADA352-2893-1903-D8C8-DE96521FCCF8">
<createdBy>kubak182</createdBy>
<createdTime>2020-06-27 15:16:41 UTC</createdTime>
<generatorID>4691B081-61F1-52FF-AA61-2F3B28715DF2</generatorID>
<ownerDesignName>jezek</ownerDesignName>
<nullsAllowed>true</nullsAllowed>
<useDomainConstraints>false</useDomainConstraints>
<use>1</use>
<logicalDatatype>LOGDT024</logicalDatatype>
<dataTypeSize>15</dataTypeSize>
<ownDataTypeParameters>15,,</ownDataTypeParameters>
<autoIncrementCycle>false</autoIncrementCycle>
</Column>
<Column name="ADRESA_id_adresy" id="03C2E632-243F-FD55-7F1B-1C1F6495898C">
<createdBy>kubak182</createdBy>
<createdTime>2020-06-27 15:16:41 UTC</createdTime>
<generatorID>F5302352-1FA5-C611-3C77-AA0F87973CC2</generatorID>
<ownerDesignName>jezek</ownerDesignName>
<useDomainConstraints>false</useDomainConstraints>
<use>1</use>
<logicalDatatype>LOGDT019</logicalDatatype>
<dataTypePrecision>38</dataTypePrecision>
<ownDataTypeParameters>,,</ownDataTypeParameters>
<previousColumn>false</previousColumn>
<autoIncrementCycle>false</autoIncrementCycle>
<associations>
<colAssociation fkAssociation="726307FB-A776-072A-9903-F89749912039" referredColumn="1B8A7FA7-1D07-9F2F-13C2-D639C62DE877"/>
</associations>
</Column>
</columns>
<indexes itemClass="oracle.dbtools.crest.model.design.relational.Index">
<ind_PK_UK id="94FD44C2-637D-DB83-CE6B-D22E96F883C4" name="VELKOOBCHOD_PK">
<createdBy>kubak182</createdBy>
<createdTime>2020-06-27 15:16:41 UTC</createdTime>
<generatorID>FBB1D7FB-609D-9541-E02D-F8E64836FEF5</generatorID>
<ownerDesignName>jezek</ownerDesignName>
<pk>true</pk>
<indexState>Primary Constraint</indexState>
<isSurrogateKey>false</isSurrogateKey>
<indexColumnUsage>
<colUsage columnID="9190821F-1270-A072-C066-F8120E4296EC"/>
</indexColumnUsage>
</ind_PK_UK>
<ind_PK_UK id="E1EE69E2-A0A7-EB4E-7BB7-435D8A60A1B0" name="VELKOOBCHOD_PKv1">
<createdBy>kubak182</createdBy>
<createdTime>2020-06-27 15:16:41 UTC</createdTime>
<generatorID>372E1B7C-7B37-D4DC-B98C-C13BFA9449A0</generatorID>
<ownerDesignName>jezek</ownerDesignName>
<indexState>Unique Constraint</indexState>
<isSurrogateKey>false</isSurrogateKey>
<indexColumnUsage>
<colUsage columnID="7302A83A-1FF9-03B7-FE10-8EC00BF1C328"/>
</indexColumnUsage>
</ind_PK_UK>
<ind_PK_UK id="8D5D537B-DA97-D7E8-9C3B-E2BDF8EFE69A" name="VELKOOBCHOD_DIC_UN">
<createdBy>kubak182</createdBy>
<createdTime>2020-06-27 15:16:41 UTC</createdTime>
<generatorID>6F4DA15F-4217-D9BB-9B2A-781E69CDBF6C</generatorID>
<ownerDesignName>jezek</ownerDesignName>
<indexState>Unique Constraint</indexState>
<isSurrogateKey>false</isSurrogateKey>
<indexColumnUsage>
<colUsage columnID="ABADA352-2893-1903-D8C8-DE96521FCCF8"/>
</indexColumnUsage>
</ind_PK_UK>
<ind_PK_UK id="3B45B2FF-3090-64F6-48E3-411B12CC7425" name="VELKOOBCHOD_ZAKAZNIK_FK">
<createdBy>kubak182</createdBy>
<createdTime>2020-06-27 15:16:41 UTC</createdTime>
<generatorID>1A010B11-5D71-482C-BC35-6168E7D8C1DF</generatorID>
<ownerDesignName>jezek</ownerDesignName>
<indexState>Foreign Key</indexState>
<isSurrogateKey>false</isSurrogateKey>
<indexColumnUsage>
<colUsage columnID="9190821F-1270-A072-C066-F8120E4296EC"/>
</indexColumnUsage>
</ind_PK_UK>
<ind_PK_UK id="139DDEF7-F975-7B8F-C10E-F96FEAB950EB" name="VELKOOBCHOD_ADRESA_FK">
<createdBy>kubak182</createdBy>
<createdTime>2020-06-27 15:16:41 UTC</createdTime>
<generatorID>DA8223DC-44A3-4CC9-4C99-10746E7E3C5F</generatorID>
<ownerDesignName>jezek</ownerDesignName>
<indexState>Foreign Key</indexState>
<isSurrogateKey>false</isSurrogateKey>
<indexColumnUsage>
<colUsage columnID="03C2E632-243F-FD55-7F1B-1C1F6495898C"/>
</indexColumnUsage>
</ind_PK_UK>
</indexes>
</Table>
