<?xml version = '1.0' encoding = 'UTF-8'?>
<Table class="oracle.dbtools.crest.model.design.relational.Table" directorySegmentName="seg_0" id="A90CF5E3-7E44-70AA-6813-D5438266814B" name="ADRESA">
<createdBy>kubak182</createdBy>
<createdTime>2020-06-27 15:16:41 UTC</createdTime>
<generatorID>F5FB77B7-7024-FE04-ABEC-08BEECE14910</generatorID>
<ownerDesignName>jezek</ownerDesignName>
<allowColumnReorder>false</allowColumnReorder>
<existDependencyGenerateInDDl>true</existDependencyGenerateInDDl>
<parsed>true</parsed>
<columns itemClass="oracle.dbtools.crest.model.design.relational.Column">
<Column name="id_adresy" id="1B8A7FA7-1D07-9F2F-13C2-D639C62DE877">
<createdBy>kubak182</createdBy>
<createdTime>2020-06-27 15:16:41 UTC</createdTime>
<generatorID>4DA2D550-114C-63A0-F1B0-F02CDC1A5658</generatorID>
<ownerDesignName>jezek</ownerDesignName>
<useDomainConstraints>false</useDomainConstraints>
<use>1</use>
<logicalDatatype>LOGDT019</logicalDatatype>
<dataTypePrecision>38</dataTypePrecision>
<ownDataTypeParameters>,38,</ownDataTypeParameters>
<autoIncrementCycle>false</autoIncrementCycle>
</Column>
<Column name="ulice" id="81A70B79-5CD5-9BAD-D407-9664F501B3E4">
<createdBy>kubak182</createdBy>
<createdTime>2020-06-27 15:16:41 UTC</createdTime>
<generatorID>64508011-F833-75EB-0373-EC7FFDF79830</generatorID>
<ownerDesignName>jezek</ownerDesignName>
<useDomainConstraints>false</useDomainConstraints>
<use>1</use>
<logicalDatatype>LOGDT024</logicalDatatype>
<dataTypeSize>1000</dataTypeSize>
<ownDataTypeParameters>1000,,</ownDataTypeParameters>
<autoIncrementCycle>false</autoIncrementCycle>
</Column>
<Column name="cislo_popisne" id="ED3716E7-9FEC-1260-03E9-89ECC0AC4704">
<createdBy>kubak182</createdBy>
<createdTime>2020-06-27 15:16:41 UTC</createdTime>
<generatorID>021EC98E-4574-A459-79FA-B692854D299A</generatorID>
<ownerDesignName>jezek</ownerDesignName>
<useDomainConstraints>false</useDomainConstraints>
<use>1</use>
<logicalDatatype>LOGDT019</logicalDatatype>
<dataTypePrecision>38</dataTypePrecision>
<ownDataTypeParameters>,38,</ownDataTypeParameters>
<autoIncrementCycle>false</autoIncrementCycle>
</Column>
<Column name="psc" id="80EE17D8-8D32-0BD7-2E82-8393E380A96C">
<createdBy>kubak182</createdBy>
<createdTime>2020-06-27 15:16:41 UTC</createdTime>
<generatorID>69BBB32D-EC69-296F-4D62-04CB5CCEAC63</generatorID>
<ownerDesignName>jezek</ownerDesignName>
<nullsAllowed>true</nullsAllowed>
<useDomainConstraints>false</useDomainConstraints>
<use>1</use>
<logicalDatatype>LOGDT024</logicalDatatype>
<dataTypeSize>50</dataTypeSize>
<ownDataTypeParameters>50,,</ownDataTypeParameters>
<autoIncrementCycle>false</autoIncrementCycle>
</Column>
<Column name="mesto" id="2C265AF0-8131-E787-63A4-2A9E519E3885">
<createdBy>kubak182</createdBy>
<createdTime>2020-06-27 15:16:41 UTC</createdTime>
<generatorID>68DB173E-B27C-A7FE-0278-6545E9DB720D</generatorID>
<ownerDesignName>jezek</ownerDesignName>
<useDomainConstraints>false</useDomainConstraints>
<use>1</use>
<logicalDatatype>LOGDT024</logicalDatatype>
<dataTypeSize>100</dataTypeSize>
<ownDataTypeParameters>100,,</ownDataTypeParameters>
<autoIncrementCycle>false</autoIncrementCycle>
</Column>
<Column name="stat" id="A8139155-CFBD-7688-1ED0-E79C8C1F5180">
<createdBy>kubak182</createdBy>
<createdTime>2020-06-27 15:16:41 UTC</createdTime>
<generatorID>CB774E66-7943-4837-45EF-A3A0C19E906F</generatorID>
<ownerDesignName>jezek</ownerDesignName>
<useDomainConstraints>false</useDomainConstraints>
<use>1</use>
<logicalDatatype>LOGDT024</logicalDatatype>
<dataTypeSize>100</dataTypeSize>
<ownDataTypeParameters>100,,</ownDataTypeParameters>
<autoIncrementCycle>false</autoIncrementCycle>
</Column>
<Column name="orientacni_cislo" id="D0E11049-DAAF-F80F-306C-422C40BB0E35">
<createdBy>kubak182</createdBy>
<createdTime>2020-06-27 15:16:41 UTC</createdTime>
<generatorID>D5B92E82-CDC3-B2F0-0ABC-3912C5E7DC49</generatorID>
<ownerDesignName>jezek</ownerDesignName>
<nullsAllowed>true</nullsAllowed>
<useDomainConstraints>false</useDomainConstraints>
<use>1</use>
<logicalDatatype>LOGDT019</logicalDatatype>
<dataTypePrecision>38</dataTypePrecision>
<ownDataTypeParameters>,38,</ownDataTypeParameters>
<autoIncrementCycle>false</autoIncrementCycle>
</Column>
</columns>
<indexes itemClass="oracle.dbtools.crest.model.design.relational.Index">
<ind_PK_UK id="05DB9CBE-863E-1A7D-1D99-6AD2B9645FCE" name="ADRESA_PK">
<createdBy>kubak182</createdBy>
<createdTime>2020-06-27 15:16:41 UTC</createdTime>
<generatorID>112FB3B5-68DE-382E-7624-6A6A4D71B7F0</generatorID>
<ownerDesignName>jezek</ownerDesignName>
<pk>true</pk>
<indexState>Primary Constraint</indexState>
<isSurrogateKey>false</isSurrogateKey>
<indexColumnUsage>
<colUsage columnID="1B8A7FA7-1D07-9F2F-13C2-D639C62DE877"/>
</indexColumnUsage>
</ind_PK_UK>
<ind_PK_UK id="B186FFD8-654E-48A8-2EB6-285D457AC537" name="ADRESA_cislo_popisne_psc_UN">
<createdBy>kubak182</createdBy>
<createdTime>2020-06-27 15:16:41 UTC</createdTime>
<generatorID>5B77D370-E963-D775-9A76-25376E4B623E</generatorID>
<ownerDesignName>jezek</ownerDesignName>
<indexState>Unique Constraint</indexState>
<isSurrogateKey>false</isSurrogateKey>
<indexColumnUsage>
<colUsage columnID="ED3716E7-9FEC-1260-03E9-89ECC0AC4704"/>
<colUsage columnID="80EE17D8-8D32-0BD7-2E82-8393E380A96C"/>
</indexColumnUsage>
</ind_PK_UK>
</indexes>
</Table>
