<?xml version = '1.0' encoding = 'UTF-8'?>
<Table class="oracle.dbtools.crest.model.design.relational.Table" directorySegmentName="seg_0" id="AF75CA9B-EE53-CB20-1514-0D08EE7FD7A1" name="SEZNAM_TYMU">
<createdBy>kubak182</createdBy>
<createdTime>2020-06-27 15:16:41 UTC</createdTime>
<generatorID>2B72896B-E451-9C15-EDFE-9626CC02918B</generatorID>
<ownerDesignName>jezek</ownerDesignName>
<allowColumnReorder>false</allowColumnReorder>
<existDependencyGenerateInDDl>true</existDependencyGenerateInDDl>
<parsed>true</parsed>
<columns itemClass="oracle.dbtools.crest.model.design.relational.Column">
<Column name="id_seznamu_tymu" id="E0AB13CF-6EA9-41F9-9323-537FC3F0D0F5">
<createdBy>kubak182</createdBy>
<createdTime>2020-06-27 15:16:41 UTC</createdTime>
<generatorID>FAB6EE8F-A0FE-08F2-17A0-F0FAED49E280</generatorID>
<ownerDesignName>jezek</ownerDesignName>
<useDomainConstraints>false</useDomainConstraints>
<use>1</use>
<logicalDatatype>LOGDT019</logicalDatatype>
<ownDataTypeParameters>,,</ownDataTypeParameters>
<autoIncrementCycle>false</autoIncrementCycle>
</Column>
<Column name="datum_od" id="B2696602-7C26-E8A7-D69C-288EA3CCC88A">
<createdBy>kubak182</createdBy>
<createdTime>2020-06-27 15:16:41 UTC</createdTime>
<generatorID>AB7FAF75-085E-8922-9A46-3C10266D8888</generatorID>
<ownerDesignName>jezek</ownerDesignName>
<useDomainConstraints>false</useDomainConstraints>
<use>1</use>
<logicalDatatype>LOGDT007</logicalDatatype>
<ownDataTypeParameters>,,</ownDataTypeParameters>
<autoIncrementCycle>false</autoIncrementCycle>
</Column>
<Column name="datum_do" id="BEE1CD8B-A8A6-80AD-3544-14733E419694">
<createdBy>kubak182</createdBy>
<createdTime>2020-06-27 15:16:41 UTC</createdTime>
<generatorID>595FF0CB-3E0A-F46B-2BA1-D93FB215F814</generatorID>
<ownerDesignName>jezek</ownerDesignName>
<useDomainConstraints>false</useDomainConstraints>
<use>1</use>
<logicalDatatype>LOGDT007</logicalDatatype>
<ownDataTypeParameters>,,</ownDataTypeParameters>
<autoIncrementCycle>false</autoIncrementCycle>
</Column>
<Column name="TYM_id_tymu" id="F5D1BA7F-3516-6945-DCE5-89D53A29AA87">
<createdBy>kubak182</createdBy>
<createdTime>2020-06-27 15:16:41 UTC</createdTime>
<generatorID>8B31D6EF-7ECA-C071-B892-3C84CCA9B08B</generatorID>
<ownerDesignName>jezek</ownerDesignName>
<useDomainConstraints>false</useDomainConstraints>
<use>1</use>
<logicalDatatype>LOGDT019</logicalDatatype>
<ownDataTypeParameters>,,</ownDataTypeParameters>
<previousColumn>false</previousColumn>
<autoIncrementCycle>false</autoIncrementCycle>
<associations>
<colAssociation fkAssociation="FFBD20E7-DD66-63A4-F3CF-B263DA5B5CA3" referredColumn="CFE99ACC-7CB9-8B0A-7E8E-1B1362F98762"/>
</associations>
</Column>
<Column name="ZAKAZKA_id_zakazky" id="2261555C-6A83-3B9E-0D60-EC18E42121BD">
<createdBy>kubak182</createdBy>
<createdTime>2020-06-27 15:16:41 UTC</createdTime>
<generatorID>27A0450B-48D4-28A5-1F11-034340613891</generatorID>
<ownerDesignName>jezek</ownerDesignName>
<useDomainConstraints>false</useDomainConstraints>
<use>1</use>
<logicalDatatype>LOGDT019</logicalDatatype>
<ownDataTypeParameters>,,</ownDataTypeParameters>
<previousColumn>false</previousColumn>
<autoIncrementCycle>false</autoIncrementCycle>
<associations>
<colAssociation fkAssociation="B8783C32-C844-CACE-9DAD-30FBBC753C1A" referredColumn="D0236405-0C38-26B7-65DD-4538C3A182A9"/>
</associations>
</Column>
</columns>
<indexes itemClass="oracle.dbtools.crest.model.design.relational.Index">
<ind_PK_UK id="011749C2-65E0-CA7B-CC59-F74CC4FED80D" name="SEZNAM_TYMU_PK">
<createdBy>kubak182</createdBy>
<createdTime>2020-06-27 15:16:41 UTC</createdTime>
<generatorID>0F91797C-028A-A653-7410-9CB8FB426F19</generatorID>
<ownerDesignName>jezek</ownerDesignName>
<pk>true</pk>
<indexState>Primary Constraint</indexState>
<isSurrogateKey>false</isSurrogateKey>
<indexColumnUsage>
<colUsage columnID="E0AB13CF-6EA9-41F9-9323-537FC3F0D0F5"/>
<colUsage columnID="F5D1BA7F-3516-6945-DCE5-89D53A29AA87"/>
<colUsage columnID="2261555C-6A83-3B9E-0D60-EC18E42121BD"/>
</indexColumnUsage>
</ind_PK_UK>
<ind_PK_UK id="65A3AA21-530E-04DE-7F76-C2F346951ED3" name="SEZNAM_TYMU_TYM_FK">
<createdBy>kubak182</createdBy>
<createdTime>2020-06-27 15:16:41 UTC</createdTime>
<generatorID>37971541-0D52-0AFB-B35B-9A846716B014</generatorID>
<ownerDesignName>jezek</ownerDesignName>
<indexState>Foreign Key</indexState>
<isSurrogateKey>false</isSurrogateKey>
<indexColumnUsage>
<colUsage columnID="F5D1BA7F-3516-6945-DCE5-89D53A29AA87"/>
</indexColumnUsage>
</ind_PK_UK>
<ind_PK_UK id="C6BA76DF-775F-522E-E94B-1BCFABB43C5F" name="SEZNAM_TYMU_ZAKAZKA_FK">
<createdBy>kubak182</createdBy>
<createdTime>2020-06-27 15:16:41 UTC</createdTime>
<generatorID>CA4D51DA-FC96-C882-D407-C0FCE6793AB0</generatorID>
<ownerDesignName>jezek</ownerDesignName>
<indexState>Foreign Key</indexState>
<isSurrogateKey>false</isSurrogateKey>
<indexColumnUsage>
<colUsage columnID="2261555C-6A83-3B9E-0D60-EC18E42121BD"/>
</indexColumnUsage>
</ind_PK_UK>
</indexes>
</Table>
