<?xml version = '1.0' encoding = 'UTF-8'?>
<Table class="oracle.dbtools.crest.model.design.relational.Table" directorySegmentName="seg_0" id="C1CE97DE-E116-517E-6370-1C3944B6573B" name="SKLAD_MATERIALU">
<createdBy>kubak182</createdBy>
<createdTime>2020-06-27 15:16:41 UTC</createdTime>
<generatorID>EB38E086-D68B-A6DA-52C7-D387AC1A8C24</generatorID>
<ownerDesignName>jezek</ownerDesignName>
<allowColumnReorder>false</allowColumnReorder>
<existDependencyGenerateInDDl>true</existDependencyGenerateInDDl>
<parsed>true</parsed>
<columns itemClass="oracle.dbtools.crest.model.design.relational.Column">
<Column name="id_skladu_materialu" id="6E294866-6E1F-E4D2-A038-CBFC6FB27C48">
<createdBy>kubak182</createdBy>
<createdTime>2020-06-27 15:16:41 UTC</createdTime>
<generatorID>0A50166D-BADC-B909-91FB-8573E4D351E4</generatorID>
<ownerDesignName>jezek</ownerDesignName>
<useDomainConstraints>false</useDomainConstraints>
<use>1</use>
<logicalDatatype>LOGDT019</logicalDatatype>
<dataTypePrecision>38</dataTypePrecision>
<ownDataTypeParameters>,38,</ownDataTypeParameters>
<autoIncrementCycle>false</autoIncrementCycle>
</Column>
<Column name="nazev_skladu" id="86808807-FC1B-7A35-D669-DBB47C71B9CF">
<createdBy>kubak182</createdBy>
<createdTime>2020-06-27 15:16:41 UTC</createdTime>
<generatorID>530F2817-6567-C46C-79DE-8B04D36538C9</generatorID>
<ownerDesignName>jezek</ownerDesignName>
<useDomainConstraints>false</useDomainConstraints>
<use>1</use>
<logicalDatatype>LOGDT024</logicalDatatype>
<dataTypeSize>500</dataTypeSize>
<ownDataTypeParameters>500,,</ownDataTypeParameters>
<autoIncrementCycle>false</autoIncrementCycle>
</Column>
<Column name="cena" id="F3440F57-7AF2-6F6E-CFD7-407E52072D8E">
<createdBy>kubak182</createdBy>
<createdTime>2020-06-27 15:16:41 UTC</createdTime>
<generatorID>92213A04-CAF1-B5D7-5011-B3A688F38B25</generatorID>
<ownerDesignName>jezek</ownerDesignName>
<useDomainConstraints>false</useDomainConstraints>
<use>1</use>
<logicalDatatype>LOGDT019</logicalDatatype>
<dataTypePrecision>38</dataTypePrecision>
<dataTypeScale>2</dataTypeScale>
<ownDataTypeParameters>,38,2</ownDataTypeParameters>
<autoIncrementCycle>false</autoIncrementCycle>
</Column>
<Column name="popis" id="15304E33-A41E-E2EE-2A33-AD8B628C4824">
<createdBy>kubak182</createdBy>
<createdTime>2020-06-27 15:16:41 UTC</createdTime>
<generatorID>AEF741F0-7A9A-D19E-BCA4-C75CCF10C88C</generatorID>
<ownerDesignName>jezek</ownerDesignName>
<nullsAllowed>true</nullsAllowed>
<useDomainConstraints>false</useDomainConstraints>
<use>1</use>
<logicalDatatype>LOGDT024</logicalDatatype>
<dataTypeSize>4000</dataTypeSize>
<ownDataTypeParameters>4000,,</ownDataTypeParameters>
<autoIncrementCycle>false</autoIncrementCycle>
</Column>
<Column name="skladem" id="21606180-5D33-7C62-254F-825FB6FBF63E">
<createdBy>kubak182</createdBy>
<createdTime>2020-06-27 15:16:41 UTC</createdTime>
<generatorID>D749D55C-8ECF-7396-8C46-A3462D2DDB5F</generatorID>
<ownerDesignName>jezek</ownerDesignName>
<useDomainConstraints>false</useDomainConstraints>
<use>1</use>
<logicalDatatype>LOGDT024</logicalDatatype>
<dataTypeSize>10</dataTypeSize>
<ownDataTypeParameters>10,,</ownDataTypeParameters>
<autoIncrementCycle>false</autoIncrementCycle>
</Column>
<Column name="SIDLO_id_sidla" id="E3C71CD5-A005-A2A3-C8A7-973556B80721">
<createdBy>kubak182</createdBy>
<createdTime>2020-06-27 15:28:52 UTC</createdTime>
<generatorID>13EE4AB8-6BDE-6104-104C-1FC160516459</generatorID>
<ownerDesignName>jezek</ownerDesignName>
<nullsAllowed>true</nullsAllowed>
<useDomainConstraints>false</useDomainConstraints>
<use>1</use>
<logicalDatatype>LOGDT019</logicalDatatype>
<dataTypePrecision>38</dataTypePrecision>
<dataTypeScale>2</dataTypeScale>
<ownDataTypeParameters>,,</ownDataTypeParameters>
<previousColumn>false</previousColumn>
<autoIncrementCycle>false</autoIncrementCycle>
<associations>
<colAssociation fkAssociation="A710CAEF-1772-3A4A-A884-252B1FCBF562" referredColumn="9DA08DEF-BE09-284D-FB37-DBC30D611013"/>
</associations>
</Column>
</columns>
<indexes itemClass="oracle.dbtools.crest.model.design.relational.Index">
<ind_PK_UK id="AEBA0A3D-8031-9125-61BC-B8E49412F092" name="SKLAD_MATERIALU_PK">
<createdBy>kubak182</createdBy>
<createdTime>2020-06-27 15:16:41 UTC</createdTime>
<generatorID>B75EFF22-1273-7F76-9756-29C33E817BBC</generatorID>
<ownerDesignName>jezek</ownerDesignName>
<pk>true</pk>
<indexState>Primary Constraint</indexState>
<isSurrogateKey>false</isSurrogateKey>
<indexColumnUsage>
<colUsage columnID="6E294866-6E1F-E4D2-A038-CBFC6FB27C48"/>
</indexColumnUsage>
</ind_PK_UK>
<ind_PK_UK id="6C129300-1B1F-296C-356A-5E3E07D7AB88" name="nazev_skladu_UN">
<createdBy>kubak182</createdBy>
<createdTime>2020-06-27 15:16:41 UTC</createdTime>
<generatorID>55D447BF-97A3-1AAA-9BAA-00CC7CFB3E96</generatorID>
<ownerDesignName>jezek</ownerDesignName>
<indexState>Unique Constraint</indexState>
<isSurrogateKey>false</isSurrogateKey>
<indexColumnUsage>
<colUsage columnID="86808807-FC1B-7A35-D669-DBB47C71B9CF"/>
</indexColumnUsage>
</ind_PK_UK>
<ind_PK_UK id="1BEEC96C-932E-2DD3-294F-775C9E72F562" name="SKLAD_MATERIALU_SIDLO_FK">
<createdBy>kubak182</createdBy>
<createdTime>2020-06-27 15:28:52 UTC</createdTime>
<generatorID>D6DE1404-BBB6-CB25-74F6-082B34EBB1BA</generatorID>
<ownerDesignName>jezek</ownerDesignName>
<indexState>Foreign Key</indexState>
<isSurrogateKey>false</isSurrogateKey>
<indexColumnUsage>
<colUsage columnID="E3C71CD5-A005-A2A3-C8A7-973556B80721"/>
</indexColumnUsage>
</ind_PK_UK>
</indexes>
</Table>
