<?xml version = '1.0' encoding = 'UTF-8'?>
<Table class="oracle.dbtools.crest.model.design.relational.Table" directorySegmentName="seg_0" id="CF4051DE-858B-2945-37F4-F22E5250A31C" name="TYP_SLUZBY">
<createdBy>kubak182</createdBy>
<createdTime>2020-06-27 15:16:41 UTC</createdTime>
<generatorID>F0144AA3-B9F6-D6A3-4A13-831E6BDCA72A</generatorID>
<ownerDesignName>jezek</ownerDesignName>
<allowColumnReorder>false</allowColumnReorder>
<existDependencyGenerateInDDl>true</existDependencyGenerateInDDl>
<parsed>true</parsed>
<columns itemClass="oracle.dbtools.crest.model.design.relational.Column">
<Column name="id_typ_sluzby" id="C768B081-3029-E505-4F4D-E248E1CA2E56">
<createdBy>kubak182</createdBy>
<createdTime>2020-06-27 15:16:41 UTC</createdTime>
<generatorID>9C16DDAE-E86F-8AC6-0BDE-732B1C8776EE</generatorID>
<ownerDesignName>jezek</ownerDesignName>
<useDomainConstraints>false</useDomainConstraints>
<use>1</use>
<logicalDatatype>LOGDT024</logicalDatatype>
<dataTypeSize>100</dataTypeSize>
<ownDataTypeParameters>100,,</ownDataTypeParameters>
<autoIncrementCycle>false</autoIncrementCycle>
</Column>
<Column name="popis" id="D8DA9708-A14D-B472-15D5-047DBDB2CBC7">
<createdBy>kubak182</createdBy>
<createdTime>2020-06-27 15:16:41 UTC</createdTime>
<generatorID>DC295590-88BB-D402-8B91-D92EBBAAE712</generatorID>
<ownerDesignName>jezek</ownerDesignName>
<useDomainConstraints>false</useDomainConstraints>
<use>1</use>
<logicalDatatype>LOGDT024</logicalDatatype>
<dataTypeSize>500</dataTypeSize>
<ownDataTypeParameters>500,,</ownDataTypeParameters>
<autoIncrementCycle>false</autoIncrementCycle>
</Column>
</columns>
<indexes itemClass="oracle.dbtools.crest.model.design.relational.Index">
<ind_PK_UK id="43D4C628-8035-6986-46CC-C38F94FC479B" name="TYP_SLUZBY_PK">
<createdBy>kubak182</createdBy>
<createdTime>2020-06-27 15:16:41 UTC</createdTime>
<generatorID>44BA1514-799A-4909-89F8-B2B081AA2972</generatorID>
<ownerDesignName>jezek</ownerDesignName>
<pk>true</pk>
<indexState>Primary Constraint</indexState>
<isSurrogateKey>false</isSurrogateKey>
<indexColumnUsage>
<colUsage columnID="C768B081-3029-E505-4F4D-E248E1CA2E56"/>
</indexColumnUsage>
</ind_PK_UK>
<ind_PK_UK id="87AB0D75-41E1-261F-E5F5-732F36C49E67" name="TYP_SLUZBY_nazev_UN">
<createdBy>kubak182</createdBy>
<createdTime>2020-06-27 15:16:41 UTC</createdTime>
<generatorID>8010AD08-19B3-8E79-0D29-EBE78F8F91AC</generatorID>
<ownerDesignName>jezek</ownerDesignName>
<indexState>Unique Constraint</indexState>
<isSurrogateKey>false</isSurrogateKey>
<indexColumnUsage>
<colUsage columnID="D8DA9708-A14D-B472-15D5-047DBDB2CBC7"/>
</indexColumnUsage>
</ind_PK_UK>
</indexes>
</Table>
