<?xml version = '1.0' encoding = 'UTF-8'?>
<Table class="oracle.dbtools.crest.model.design.relational.Table" directorySegmentName="seg_0" id="D53437A0-6E43-903E-40B2-16020CB6E76F" name="SEZNAM_TECHNIKY">
<createdBy>kubak182</createdBy>
<createdTime>2020-06-27 15:16:41 UTC</createdTime>
<generatorID>EB82CAAB-625B-93F2-AE99-3C04201377A7</generatorID>
<ownerDesignName>jezek</ownerDesignName>
<allowColumnReorder>false</allowColumnReorder>
<existDependencyGenerateInDDl>true</existDependencyGenerateInDDl>
<parsed>true</parsed>
<columns itemClass="oracle.dbtools.crest.model.design.relational.Column">
<Column name="id_seznamu_techniky" id="0C05C72D-4478-B17D-9F34-6F03D26D72F8">
<createdBy>kubak182</createdBy>
<createdTime>2020-06-27 15:16:41 UTC</createdTime>
<generatorID>90C8BD2E-0520-0A59-1910-9DF0BE13D4CB</generatorID>
<ownerDesignName>jezek</ownerDesignName>
<useDomainConstraints>false</useDomainConstraints>
<use>1</use>
<logicalDatatype>LOGDT019</logicalDatatype>
<ownDataTypeParameters>,,</ownDataTypeParameters>
<autoIncrementCycle>false</autoIncrementCycle>
</Column>
<Column name="datum_od" id="F8273D65-D8B8-2291-58B1-237AE257801E">
<createdBy>kubak182</createdBy>
<createdTime>2020-06-27 15:16:41 UTC</createdTime>
<generatorID>E12D75F1-744E-0517-CC35-94F86DE48A4F</generatorID>
<ownerDesignName>jezek</ownerDesignName>
<useDomainConstraints>false</useDomainConstraints>
<use>1</use>
<logicalDatatype>LOGDT007</logicalDatatype>
<ownDataTypeParameters>,,</ownDataTypeParameters>
<autoIncrementCycle>false</autoIncrementCycle>
</Column>
<Column name="datum_do" id="8680CDA5-4B70-15AF-8A43-470AAEEE6269">
<createdBy>kubak182</createdBy>
<createdTime>2020-06-27 15:16:41 UTC</createdTime>
<generatorID>21103F03-1D9A-A89A-1899-AFCB225A5E89</generatorID>
<ownerDesignName>jezek</ownerDesignName>
<useDomainConstraints>false</useDomainConstraints>
<use>1</use>
<logicalDatatype>LOGDT007</logicalDatatype>
<ownDataTypeParameters>,,</ownDataTypeParameters>
<autoIncrementCycle>false</autoIncrementCycle>
</Column>
<Column name="f_id_zakazky" id="E2C52488-72F5-00BF-7739-D504873259F4">
<createdBy>kubak182</createdBy>
<createdTime>2020-06-27 15:16:41 UTC</createdTime>
<generatorID>799F8D0C-7773-F826-5F7B-0C9003D72EB6</generatorID>
<ownerDesignName>jezek</ownerDesignName>
<useDomainConstraints>false</useDomainConstraints>
<use>1</use>
<logicalDatatype>LOGDT019</logicalDatatype>
<ownDataTypeParameters>,,</ownDataTypeParameters>
<previousColumn>false</previousColumn>
<autoIncrementCycle>false</autoIncrementCycle>
<associations>
<colAssociation fkAssociation="4A4D4027-72BE-82D4-CB4E-93B9AF25C837" referredColumn="D0236405-0C38-26B7-65DD-4538C3A182A9"/>
</associations>
</Column>
<Column name="poznamka" id="5D48C372-52FB-22E5-4A50-DA6261451CEC">
<createdBy>kubak182</createdBy>
<createdTime>2020-06-27 15:16:41 UTC</createdTime>
<generatorID>BCC5B417-E518-CA2A-3829-7812A741B7FE</generatorID>
<ownerDesignName>jezek</ownerDesignName>
<nullsAllowed>true</nullsAllowed>
<useDomainConstraints>false</useDomainConstraints>
<use>1</use>
<logicalDatatype>LOGDT024</logicalDatatype>
<dataTypeSize>4000</dataTypeSize>
<ownDataTypeParameters>4000,,</ownDataTypeParameters>
<autoIncrementCycle>false</autoIncrementCycle>
</Column>
<Column name="f_id_skladu_techniky" id="D5592279-E476-D343-4333-4CAA66A3970E">
<createdBy>kubak182</createdBy>
<createdTime>2020-06-27 15:16:41 UTC</createdTime>
<generatorID>5FC684FE-047F-3B75-E9B6-880C346B8C31</generatorID>
<ownerDesignName>jezek</ownerDesignName>
<useDomainConstraints>false</useDomainConstraints>
<use>1</use>
<logicalDatatype>LOGDT019</logicalDatatype>
<ownDataTypeParameters>,,</ownDataTypeParameters>
<previousColumn>false</previousColumn>
<autoIncrementCycle>false</autoIncrementCycle>
<associations>
<colAssociation fkAssociation="972F5500-CACB-9178-E37D-F5BA20F970E6" referredColumn="25E13AEE-BAB1-F6C1-972B-1792C3010C24"/>
</associations>
</Column>
</columns>
<indexes itemClass="oracle.dbtools.crest.model.design.relational.Index">
<ind_PK_UK id="BD0B60A9-79E6-A97E-5B77-7C960BC4CC43" name="SEZNAM_TECHNIKY_PK">
<createdBy>kubak182</createdBy>
<createdTime>2020-06-27 15:16:41 UTC</createdTime>
<generatorID>0A7BF9F8-316E-61CA-4117-59349DA8249B</generatorID>
<ownerDesignName>jezek</ownerDesignName>
<pk>true</pk>
<indexState>Primary Constraint</indexState>
<isSurrogateKey>false</isSurrogateKey>
<indexColumnUsage>
<colUsage columnID="0C05C72D-4478-B17D-9F34-6F03D26D72F8"/>
<colUsage columnID="E2C52488-72F5-00BF-7739-D504873259F4"/>
<colUsage columnID="D5592279-E476-D343-4333-4CAA66A3970E"/>
</indexColumnUsage>
</ind_PK_UK>
<ind_PK_UK id="453A1E47-B8B1-3434-D241-F935BDC5DBBE" name="SEZNAM_TECH_SKLAD_TEC_FK">
<createdBy>kubak182</createdBy>
<createdTime>2020-06-27 15:16:41 UTC</createdTime>
<generatorID>4D80494C-5630-95D4-7BF8-9394AA8F8CEF</generatorID>
<ownerDesignName>jezek</ownerDesignName>
<indexState>Foreign Key</indexState>
<isSurrogateKey>false</isSurrogateKey>
<indexColumnUsage>
<colUsage columnID="D5592279-E476-D343-4333-4CAA66A3970E"/>
</indexColumnUsage>
</ind_PK_UK>
<ind_PK_UK id="9888CA5D-A349-62DB-F660-1881B327CD94" name="SEZNAM_TECHNIKY_ZAKAZKA_FK">
<createdBy>kubak182</createdBy>
<createdTime>2020-06-27 15:16:41 UTC</createdTime>
<generatorID>326DEFE7-B3D7-0802-4C38-D995B577D0B6</generatorID>
<ownerDesignName>jezek</ownerDesignName>
<indexState>Foreign Key</indexState>
<isSurrogateKey>false</isSurrogateKey>
<indexColumnUsage>
<colUsage columnID="E2C52488-72F5-00BF-7739-D504873259F4"/>
</indexColumnUsage>
</ind_PK_UK>
</indexes>
</Table>
