<?xml version = '1.0' encoding = 'UTF-8'?>
<FKIndexAssociation class="oracle.dbtools.crest.model.design.relational.FKIndexAssociation" directorySegmentName="seg_0" id="1A65B95D-5E3E-0A53-BA28-9F1DC95F5839" containerWithKeyObject="5987751A-2471-F2CF-AB56-BC24740222D4" localFKIndex="F0BF3BCC-8B58-0BC6-5593-495DB3BB1E27" name="SIDLO_ADRE">
<createdBy>kubak182</createdBy>
<createdTime>2020-06-27 15:16:41 UTC</createdTime>
<generatorID>B19AB65C-D51E-F4AA-E389-7B367D1317A3</generatorID>
<ownerDesignName>jezek</ownerDesignName>
<referredTableLongName>ADRESA</referredTableLongName>
<deleteRule>NO ACTION</deleteRule>
<referredTableID>A90CF5E3-7E44-70AA-6813-D5438266814B</referredTableID>
<keyObject>05DB9CBE-863E-1A7D-1D99-6AD2B9645FCE</keyObject>
<referredKeyID>05DB9CBE-863E-1A7D-1D99-6AD2B9645FCE</referredKeyID>
<mandatory>true</mandatory>
<refColNames>id_adresy</refColNames>
<transferable>true</transferable>
<rely>false</rely>
<columnDependencyConstraintGenerateInDDL>true</columnDependencyConstraintGenerateInDDL>
</FKIndexAssociation>
