<?xml version = '1.0' encoding = 'UTF-8'?>
<FKIndexAssociation class="oracle.dbtools.crest.model.design.relational.FKIndexAssociation" directorySegmentName="seg_0" id="3F8387AE-F972-C3B1-7A4C-AB297C85B44D" containerWithKeyObject="444A292B-1DC6-FEBF-B447-35012D496982" localFKIndex="4D6E0EB6-B577-A738-7714-69BDB08753CB" name="OBJEDNAVKA_ZAKAZNIK_FK">
<createdBy>kubak182</createdBy>
<createdTime>2020-06-27 15:16:41 UTC</createdTime>
<generatorID>60E42145-BC81-2E4B-9707-C8B0E75DF9E9</generatorID>
<ownerDesignName>jezek</ownerDesignName>
<referredTableLongName>ZAKAZNIK</referredTableLongName>
<deleteRule>NO ACTION</deleteRule>
<referredTableID>816C3BBF-9410-58CD-1D38-4A7A4E433832</referredTableID>
<keyObject>2886CD5A-DC51-A70B-E00C-601DC4F7724E</keyObject>
<referredKeyID>2886CD5A-DC51-A70B-E00C-601DC4F7724E</referredKeyID>
<mandatory>true</mandatory>
<refColNames>id_zakaznik</refColNames>
<transferable>true</transferable>
<rely>false</rely>
<columnDependencyConstraintGenerateInDDL>true</columnDependencyConstraintGenerateInDDL>
</FKIndexAssociation>
