<?xml version = '1.0' encoding = 'UTF-8'?>
<FKIndexAssociation class="oracle.dbtools.crest.model.design.relational.FKIndexAssociation" directorySegmentName="seg_0" id="4A4D4027-72BE-82D4-CB4E-93B9AF25C837" containerWithKeyObject="D53437A0-6E43-903E-40B2-16020CB6E76F" localFKIndex="9888CA5D-A349-62DB-F660-1881B327CD94" name="SEZNAM_TECHNIKY_ZAKAZKA_FK">
<createdBy>kubak182</createdBy>
<createdTime>2020-06-27 15:16:41 UTC</createdTime>
<generatorID>326DEFE7-B3D7-0802-4C38-D995B577D0B6</generatorID>
<ownerDesignName>jezek</ownerDesignName>
<referredTableLongName>ZAKAZKA</referredTableLongName>
<deleteRule>NO ACTION</deleteRule>
<referredTableID>5697C87E-AAA2-9EF9-BEAB-468B104F78BE</referredTableID>
<keyObject>4C788417-05E7-F0CA-F715-10714FEEFC63</keyObject>
<referredKeyID>4C788417-05E7-F0CA-F715-10714FEEFC63</referredKeyID>
<mandatory>true</mandatory>
<refColNames>id_zakazky</refColNames>
<transferable>true</transferable>
<rely>false</rely>
<columnDependencyConstraintGenerateInDDL>true</columnDependencyConstraintGenerateInDDL>
</FKIndexAssociation>
