<?xml version = '1.0' encoding = 'UTF-8'?>
<FKIndexAssociation class="oracle.dbtools.crest.model.design.relational.FKIndexAssociation" directorySegmentName="seg_0" id="519800CB-A3E4-84D2-8B01-36757AC4D941" containerWithKeyObject="9AE30CDD-9C27-B74C-1C26-40F27FF71231" localFKIndex="697839E0-879D-E91E-2535-E435B468B07B" name="MATERIAL_SKLAD_MATERIALU_FK">
<createdBy>kubak182</createdBy>
<createdTime>2020-06-27 15:16:41 UTC</createdTime>
<generatorID>0A750CD3-1DA0-7694-B8EE-F09DF9DA5883</generatorID>
<ownerDesignName>jezek</ownerDesignName>
<referredTableLongName>SKLAD_MATERIALU</referredTableLongName>
<deleteRule>NO ACTION</deleteRule>
<referredTableID>C1CE97DE-E116-517E-6370-1C3944B6573B</referredTableID>
<keyObject>AEBA0A3D-8031-9125-61BC-B8E49412F092</keyObject>
<referredKeyID>AEBA0A3D-8031-9125-61BC-B8E49412F092</referredKeyID>
<mandatory>true</mandatory>
<refColNames>id_skladu_materialu</refColNames>
<transferable>true</transferable>
<rely>false</rely>
<columnDependencyConstraintGenerateInDDL>true</columnDependencyConstraintGenerateInDDL>
</FKIndexAssociation>
