<?xml version = '1.0' encoding = 'UTF-8'?>
<FKIndexAssociation class="oracle.dbtools.crest.model.design.relational.FKIndexAssociation" directorySegmentName="seg_0" id="5597D0BE-B6B2-62F2-66FA-6E0DB105FA9B" containerWithKeyObject="122ECB66-C4C7-23BB-BB73-1D53D068E8D7" localFKIndex="A45A2F88-6B6F-2470-15C2-98601CEB2576" name="NABIDKA_SLUZBY_ZAKAZKA_FK">
<createdBy>kubak182</createdBy>
<createdTime>2020-06-27 15:16:41 UTC</createdTime>
<generatorID>53039709-D8DF-513A-3CD9-D7EB624AAB09</generatorID>
<ownerDesignName>jezek</ownerDesignName>
<referredTableLongName>ZAKAZKA</referredTableLongName>
<deleteRule>NO ACTION</deleteRule>
<referredTableID>5697C87E-AAA2-9EF9-BEAB-468B104F78BE</referredTableID>
<keyObject>4C788417-05E7-F0CA-F715-10714FEEFC63</keyObject>
<referredKeyID>4C788417-05E7-F0CA-F715-10714FEEFC63</referredKeyID>
<mandatory>true</mandatory>
<refColNames>id_zakazky</refColNames>
<transferable>true</transferable>
<rely>false</rely>
<columnDependencyConstraintGenerateInDDL>true</columnDependencyConstraintGenerateInDDL>
</FKIndexAssociation>
