<?xml version = '1.0' encoding = 'UTF-8'?>
<FKIndexAssociation class="oracle.dbtools.crest.model.design.relational.FKIndexAssociation" directorySegmentName="seg_0" id="63BCC68B-66CD-C7C3-1982-32169BC461AD" containerWithKeyObject="444A292B-1DC6-FEBF-B447-35012D496982" localFKIndex="415A4586-5BFF-A53D-8685-927B2D5D585F" name="OBJEDNAVKA_ZAKAZKA_FK">
<createdBy>kubak182</createdBy>
<createdTime>2020-06-27 15:16:41 UTC</createdTime>
<generatorID>12CA7171-2E19-E91E-CD2D-0B7D259A5D75</generatorID>
<ownerDesignName>jezek</ownerDesignName>
<referredTableLongName>ZAKAZKA</referredTableLongName>
<deleteRule>NO ACTION</deleteRule>
<referredTableID>5697C87E-AAA2-9EF9-BEAB-468B104F78BE</referredTableID>
<keyObject>4C788417-05E7-F0CA-F715-10714FEEFC63</keyObject>
<referredKeyID>4C788417-05E7-F0CA-F715-10714FEEFC63</referredKeyID>
<mandatory>true</mandatory>
<refColNames>id_zakazky</refColNames>
<transferable>true</transferable>
<rely>false</rely>
<columnDependencyConstraintGenerateInDDL>true</columnDependencyConstraintGenerateInDDL>
</FKIndexAssociation>
