<?xml version = '1.0' encoding = 'UTF-8'?>
<FKIndexAssociation class="oracle.dbtools.crest.model.design.relational.FKIndexAssociation" directorySegmentName="seg_0" id="677DA81A-6908-DEEE-66C9-DFF12148FFD5" containerWithKeyObject="9560664B-7FB9-D066-F0EB-CD7E3FC97845" localFKIndex="E20B3960-053F-C32A-43BA-429BC55FE13B" name="SKLAD_TECHNIKY_SIDLO_FK">
<createdBy>kubak182</createdBy>
<createdTime>2020-06-27 15:37:57 UTC</createdTime>
<generatorID>F40A6194-99A7-A323-6B04-A3BDE3EE4ED7</generatorID>
<ownerDesignName>jezek</ownerDesignName>
<referredTableLongName>SIDLO</referredTableLongName>
<deleteRule>NO ACTION</deleteRule>
<referredTableID>5987751A-2471-F2CF-AB56-BC24740222D4</referredTableID>
<keyObject>B82044AC-A8A0-5726-C1B9-FB1EDF766F28</keyObject>
<referredKeyID>B82044AC-A8A0-5726-C1B9-FB1EDF766F28</referredKeyID>
<mandatory>false</mandatory>
<refColNames>id_sidla</refColNames>
<transferable>true</transferable>
<rely>false</rely>
<columnDependencyConstraintGenerateInDDL>true</columnDependencyConstraintGenerateInDDL>
</FKIndexAssociation>
