<?xml version = '1.0' encoding = 'UTF-8'?>
<FKIndexAssociation class="oracle.dbtools.crest.model.design.relational.FKIndexAssociation" directorySegmentName="seg_0" id="67B6B405-2601-1B1B-63E8-482CDEE64A81" containerWithKeyObject="2EEC38E5-BF56-E568-EFA2-F3B44FB24FFA" localFKIndex="BF849C30-0659-FE7B-3FB0-284B58AFE203" name="CLEN_TYM_FK">
<createdBy>kubak182</createdBy>
<createdTime>2020-06-27 15:16:41 UTC</createdTime>
<generatorID>60966E2C-0DAD-E3EC-DF7C-39C7073D82FF</generatorID>
<ownerDesignName>jezek</ownerDesignName>
<referredTableLongName>TYM</referredTableLongName>
<deleteRule>NO ACTION</deleteRule>
<referredTableID>949D742E-F51A-DC62-7897-A4A454C4722F</referredTableID>
<keyObject>D6796149-4502-AB48-8A36-2B14C1E21F61</keyObject>
<referredKeyID>D6796149-4502-AB48-8A36-2B14C1E21F61</referredKeyID>
<mandatory>true</mandatory>
<refColNames>id_tymu</refColNames>
<transferable>true</transferable>
<rely>false</rely>
<columnDependencyConstraintGenerateInDDL>true</columnDependencyConstraintGenerateInDDL>
</FKIndexAssociation>
