<?xml version = '1.0' encoding = 'UTF-8'?>
<FKIndexAssociation class="oracle.dbtools.crest.model.design.relational.FKIndexAssociation" directorySegmentName="seg_0" id="69E295E9-A96B-DF67-5E5B-F39F56647EC4" containerWithKeyObject="7CAD58D2-5EEF-885C-15D2-E38641663CC6" localFKIndex="2346CF26-9436-2CEB-DF85-4221FE96E1E6" name="ZAMESTNANEC_SIDLO_FK">
<createdBy>kubak182</createdBy>
<createdTime>2020-06-27 15:16:41 UTC</createdTime>
<generatorID>F515758B-6973-EC57-D16B-DCFA8ECFF5EC</generatorID>
<ownerDesignName>jezek</ownerDesignName>
<referredTableLongName>SIDLO</referredTableLongName>
<deleteRule>NO ACTION</deleteRule>
<referredTableID>5987751A-2471-F2CF-AB56-BC24740222D4</referredTableID>
<keyObject>B82044AC-A8A0-5726-C1B9-FB1EDF766F28</keyObject>
<referredKeyID>B82044AC-A8A0-5726-C1B9-FB1EDF766F28</referredKeyID>
<mandatory>true</mandatory>
<refColNames>id_sidla</refColNames>
<transferable>true</transferable>
<rely>false</rely>
<columnDependencyConstraintGenerateInDDL>true</columnDependencyConstraintGenerateInDDL>
</FKIndexAssociation>
