<?xml version = '1.0' encoding = 'UTF-8'?>
<FKIndexAssociation class="oracle.dbtools.crest.model.design.relational.FKIndexAssociation" directorySegmentName="seg_0" id="726307FB-A776-072A-9903-F89749912039" containerWithKeyObject="A695C058-A024-4843-9C2D-34BE87C22893" localFKIndex="139DDEF7-F975-7B8F-C10E-F96FEAB950EB" name="VELKOOBCHOD_ADRESA_FK">
<createdBy>kubak182</createdBy>
<createdTime>2020-06-27 15:16:41 UTC</createdTime>
<generatorID>DA8223DC-44A3-4CC9-4C99-10746E7E3C5F</generatorID>
<ownerDesignName>jezek</ownerDesignName>
<referredTableLongName>ADRESA</referredTableLongName>
<deleteRule>NO ACTION</deleteRule>
<referredTableID>A90CF5E3-7E44-70AA-6813-D5438266814B</referredTableID>
<keyObject>05DB9CBE-863E-1A7D-1D99-6AD2B9645FCE</keyObject>
<referredKeyID>05DB9CBE-863E-1A7D-1D99-6AD2B9645FCE</referredKeyID>
<mandatory>true</mandatory>
<refColNames>id_adresy</refColNames>
<transferable>true</transferable>
<rely>false</rely>
<columnDependencyConstraintGenerateInDDL>true</columnDependencyConstraintGenerateInDDL>
</FKIndexAssociation>
