<?xml version = '1.0' encoding = 'UTF-8'?>
<FKIndexAssociation class="oracle.dbtools.crest.model.design.relational.FKIndexAssociation" directorySegmentName="seg_0" id="93B3BDCE-262E-D26C-ACF9-2F44A5C765B9" containerWithKeyObject="A695C058-A024-4843-9C2D-34BE87C22893" localFKIndex="3B45B2FF-3090-64F6-48E3-411B12CC7425" name="VELKOOBCHOD_ZAKAZNIK_FK">
<createdBy>kubak182</createdBy>
<createdTime>2020-06-27 15:16:41 UTC</createdTime>
<generatorID>1A010B11-5D71-482C-BC35-6168E7D8C1DF</generatorID>
<ownerDesignName>jezek</ownerDesignName>
<referredTableLongName>ZAKAZNIK</referredTableLongName>
<arc>298BFA58-F83D-1522-F299-E86CD2356CAB</arc>
<deleteRule>NO ACTION</deleteRule>
<referredTableID>816C3BBF-9410-58CD-1D38-4A7A4E433832</referredTableID>
<keyObject>2886CD5A-DC51-A70B-E00C-601DC4F7724E</keyObject>
<referredKeyID>2886CD5A-DC51-A70B-E00C-601DC4F7724E</referredKeyID>
<mandatory>true</mandatory>
<refColNames>id_zakaznik</refColNames>
<transferable>true</transferable>
<rely>false</rely>
<discriminatorValue>VELKOOBCHOD</discriminatorValue>
<columnDependencyConstraintGenerateInDDL>true</columnDependencyConstraintGenerateInDDL>
</FKIndexAssociation>
