<?xml version = '1.0' encoding = 'UTF-8'?>
<FKIndexAssociation class="oracle.dbtools.crest.model.design.relational.FKIndexAssociation" directorySegmentName="seg_0" id="972F5500-CACB-9178-E37D-F5BA20F970E6" containerWithKeyObject="D53437A0-6E43-903E-40B2-16020CB6E76F" localFKIndex="453A1E47-B8B1-3434-D241-F935BDC5DBBE" name="SEZNAM_TECH_SKLAD_TEC_FK">
<createdBy>kubak182</createdBy>
<createdTime>2020-06-27 15:16:41 UTC</createdTime>
<generatorID>4D80494C-5630-95D4-7BF8-9394AA8F8CEF</generatorID>
<ownerDesignName>jezek</ownerDesignName>
<referredTableLongName>SKLAD_TECHNIKY</referredTableLongName>
<deleteRule>NO ACTION</deleteRule>
<referredTableID>9560664B-7FB9-D066-F0EB-CD7E3FC97845</referredTableID>
<keyObject>71500A3A-3E0E-0A4C-7B5A-0E0FE8B1E0D6</keyObject>
<referredKeyID>71500A3A-3E0E-0A4C-7B5A-0E0FE8B1E0D6</referredKeyID>
<mandatory>true</mandatory>
<refColNames>id_skladu_techniky</refColNames>
<transferable>true</transferable>
<rely>false</rely>
<columnDependencyConstraintGenerateInDDL>true</columnDependencyConstraintGenerateInDDL>
</FKIndexAssociation>
