<?xml version = '1.0' encoding = 'UTF-8'?>
<FKIndexAssociation class="oracle.dbtools.crest.model.design.relational.FKIndexAssociation" directorySegmentName="seg_0" id="A710CAEF-1772-3A4A-A884-252B1FCBF562" containerWithKeyObject="C1CE97DE-E116-517E-6370-1C3944B6573B" localFKIndex="1BEEC96C-932E-2DD3-294F-775C9E72F562" name="SKLAD_MATERIALU_SIDLO_FK">
<createdBy>kubak182</createdBy>
<createdTime>2020-06-27 15:28:52 UTC</createdTime>
<generatorID>D6DE1404-BBB6-CB25-74F6-082B34EBB1BA</generatorID>
<ownerDesignName>jezek</ownerDesignName>
<referredTableLongName>SIDLO</referredTableLongName>
<deleteRule>NO ACTION</deleteRule>
<referredTableID>5987751A-2471-F2CF-AB56-BC24740222D4</referredTableID>
<keyObject>B82044AC-A8A0-5726-C1B9-FB1EDF766F28</keyObject>
<referredKeyID>B82044AC-A8A0-5726-C1B9-FB1EDF766F28</referredKeyID>
<mandatory>false</mandatory>
<refColNames>id_sidla</refColNames>
<transferable>true</transferable>
<rely>false</rely>
<columnDependencyConstraintGenerateInDDL>true</columnDependencyConstraintGenerateInDDL>
</FKIndexAssociation>
