<?xml version = '1.0' encoding = 'UTF-8'?>
<FKIndexAssociation class="oracle.dbtools.crest.model.design.relational.FKIndexAssociation" directorySegmentName="seg_0" id="A8F66775-DB76-7E62-C9F7-CF40EEEA0E53" containerWithKeyObject="5987751A-2471-F2CF-AB56-BC24740222D4" localFKIndex="4598F5E6-DEFE-C18F-6ADD-9E06012C4E1A" name="SIDLO_TYP_SIDLA_FK">
<createdBy>kubak182</createdBy>
<createdTime>2020-06-27 15:16:41 UTC</createdTime>
<generatorID>54271D71-07DF-C4B0-FD25-336A06456F76</generatorID>
<ownerDesignName>jezek</ownerDesignName>
<referredTableLongName>TYP_SIDLA</referredTableLongName>
<deleteRule>NO ACTION</deleteRule>
<referredTableID>98BF3693-F4FC-6516-68F3-36CDCACA271C</referredTableID>
<keyObject>762FD3C9-B4B8-B89C-546F-D214B1F7B991</keyObject>
<referredKeyID>762FD3C9-B4B8-B89C-546F-D214B1F7B991</referredKeyID>
<mandatory>true</mandatory>
<refColNames>id_nazev_typu</refColNames>
<transferable>true</transferable>
<rely>false</rely>
<columnDependencyConstraintGenerateInDDL>true</columnDependencyConstraintGenerateInDDL>
</FKIndexAssociation>
