<?xml version = '1.0' encoding = 'UTF-8'?>
<FKIndexAssociation class="oracle.dbtools.crest.model.design.relational.FKIndexAssociation" directorySegmentName="seg_0" id="AB180A5C-9240-BC59-3F75-1A7627E9C235" containerWithKeyObject="88E708DC-FE8E-9205-0267-4A2DA532CA10" localFKIndex="5E5A3210-DB0E-E9F1-8C94-03FE2E7D9DE0" name="UDRZBA_NABIDKA_SLUZBY_FK">
<createdBy>kubak182</createdBy>
<createdTime>2020-06-27 15:16:41 UTC</createdTime>
<generatorID>F0DE9C0A-A1E9-D432-BC4D-E3FA7CC7F446</generatorID>
<ownerDesignName>jezek</ownerDesignName>
<referredTableLongName>NABIDKA_SLUZBY</referredTableLongName>
<arc>B577219A-115C-24B4-5F76-C2ACC8BDFA35</arc>
<deleteRule>NO ACTION</deleteRule>
<referredTableID>122ECB66-C4C7-23BB-BB73-1D53D068E8D7</referredTableID>
<keyObject>ECDEB383-8AA0-E697-7EC7-E844BA0FE19D</keyObject>
<referredKeyID>ECDEB383-8AA0-E697-7EC7-E844BA0FE19D</referredKeyID>
<mandatory>true</mandatory>
<refColNames>id_nabidky</refColNames>
<transferable>true</transferable>
<rely>false</rely>
<discriminatorValue>UDRZBA</discriminatorValue>
<columnDependencyConstraintGenerateInDDL>true</columnDependencyConstraintGenerateInDDL>
</FKIndexAssociation>
