<?xml version = '1.0' encoding = 'UTF-8'?>
<FKIndexAssociation class="oracle.dbtools.crest.model.design.relational.FKIndexAssociation" directorySegmentName="seg_0" id="AECDAF67-14B5-EC96-B65F-D4AFA2FC65AE" containerWithKeyObject="9AE30CDD-9C27-B74C-1C26-40F27FF71231" localFKIndex="9CC376F6-BD40-6FBF-43CF-6B8BE6D5162E" name="MATERIAL_ZAKAZKA_FK">
<createdBy>kubak182</createdBy>
<createdTime>2020-06-27 15:16:41 UTC</createdTime>
<generatorID>F303FD7B-F110-8A09-76EB-0C3CD6C859BD</generatorID>
<ownerDesignName>jezek</ownerDesignName>
<referredTableLongName>ZAKAZKA</referredTableLongName>
<deleteRule>NO ACTION</deleteRule>
<referredTableID>5697C87E-AAA2-9EF9-BEAB-468B104F78BE</referredTableID>
<keyObject>4C788417-05E7-F0CA-F715-10714FEEFC63</keyObject>
<referredKeyID>4C788417-05E7-F0CA-F715-10714FEEFC63</referredKeyID>
<mandatory>true</mandatory>
<refColNames>id_zakazky</refColNames>
<transferable>true</transferable>
<rely>false</rely>
<columnDependencyConstraintGenerateInDDL>true</columnDependencyConstraintGenerateInDDL>
</FKIndexAssociation>
