<?xml version = '1.0' encoding = 'UTF-8'?>
<FKIndexAssociation class="oracle.dbtools.crest.model.design.relational.FKIndexAssociation" directorySegmentName="seg_0" id="B3E8773D-80B9-DE23-7C66-F8D402574244" containerWithKeyObject="A08ECF32-331E-1867-6A4F-3CC17204EF1A" localFKIndex="4938D3FA-5B50-7016-20B8-7AF8E61CA9CF" name="REALIZACE_NABIDKA_SLUZBY_FK">
<createdBy>kubak182</createdBy>
<createdTime>2020-06-27 15:16:41 UTC</createdTime>
<generatorID>E89E88A6-C2CF-54D5-FC16-AFFF27EC1FA8</generatorID>
<ownerDesignName>jezek</ownerDesignName>
<referredTableLongName>NABIDKA_SLUZBY</referredTableLongName>
<arc>B577219A-115C-24B4-5F76-C2ACC8BDFA35</arc>
<deleteRule>NO ACTION</deleteRule>
<referredTableID>122ECB66-C4C7-23BB-BB73-1D53D068E8D7</referredTableID>
<keyObject>ECDEB383-8AA0-E697-7EC7-E844BA0FE19D</keyObject>
<referredKeyID>ECDEB383-8AA0-E697-7EC7-E844BA0FE19D</referredKeyID>
<mandatory>true</mandatory>
<refColNames>id_nabidky</refColNames>
<transferable>true</transferable>
<rely>false</rely>
<discriminatorValue>REALIZACE</discriminatorValue>
<columnDependencyConstraintGenerateInDDL>true</columnDependencyConstraintGenerateInDDL>
</FKIndexAssociation>
