<?xml version = '1.0' encoding = 'UTF-8'?>
<FKIndexAssociation class="oracle.dbtools.crest.model.design.relational.FKIndexAssociation" directorySegmentName="seg_0" id="B8783C32-C844-CACE-9DAD-30FBBC753C1A" containerWithKeyObject="AF75CA9B-EE53-CB20-1514-0D08EE7FD7A1" localFKIndex="C6BA76DF-775F-522E-E94B-1BCFABB43C5F" name="SEZNAM_TYMU_ZAKAZKA_FK">
<createdBy>kubak182</createdBy>
<createdTime>2020-06-27 15:16:41 UTC</createdTime>
<generatorID>CA4D51DA-FC96-C882-D407-C0FCE6793AB0</generatorID>
<ownerDesignName>jezek</ownerDesignName>
<referredTableLongName>ZAKAZKA</referredTableLongName>
<deleteRule>NO ACTION</deleteRule>
<referredTableID>5697C87E-AAA2-9EF9-BEAB-468B104F78BE</referredTableID>
<keyObject>4C788417-05E7-F0CA-F715-10714FEEFC63</keyObject>
<referredKeyID>4C788417-05E7-F0CA-F715-10714FEEFC63</referredKeyID>
<mandatory>true</mandatory>
<refColNames>id_zakazky</refColNames>
<transferable>true</transferable>
<rely>false</rely>
<columnDependencyConstraintGenerateInDDL>true</columnDependencyConstraintGenerateInDDL>
</FKIndexAssociation>
