<?xml version = '1.0' encoding = 'UTF-8'?>
<FKIndexAssociation class="oracle.dbtools.crest.model.design.relational.FKIndexAssociation" directorySegmentName="seg_0" id="E0BB7EF7-2844-1683-C183-1EE5BEB7CE58" containerWithKeyObject="122ECB66-C4C7-23BB-BB73-1D53D068E8D7" localFKIndex="199E34C7-722C-D841-65C5-8D40CF3AC1FE" name="NABIDKA_SLUZBY_TYP_SLUZBY_FK">
<createdBy>kubak182</createdBy>
<createdTime>2020-06-27 15:16:41 UTC</createdTime>
<generatorID>BEFB9779-5134-C2F0-B9CB-9F732B62EE57</generatorID>
<ownerDesignName>jezek</ownerDesignName>
<referredTableLongName>TYP_SLUZBY</referredTableLongName>
<deleteRule>NO ACTION</deleteRule>
<referredTableID>CF4051DE-858B-2945-37F4-F22E5250A31C</referredTableID>
<keyObject>43D4C628-8035-6986-46CC-C38F94FC479B</keyObject>
<referredKeyID>43D4C628-8035-6986-46CC-C38F94FC479B</referredKeyID>
<mandatory>true</mandatory>
<refColNames>id_typ_sluzby</refColNames>
<transferable>true</transferable>
<rely>false</rely>
<columnDependencyConstraintGenerateInDDL>true</columnDependencyConstraintGenerateInDDL>
</FKIndexAssociation>
