<?xml version = '1.0' encoding = 'UTF-8'?>
<FKIndexAssociation class="oracle.dbtools.crest.model.design.relational.FKIndexAssociation" directorySegmentName="seg_0" id="E7B75007-E403-5919-9869-1E498F3CC024" containerWithKeyObject="2EEC38E5-BF56-E568-EFA2-F3B44FB24FFA" localFKIndex="6AA4DDFF-4CDF-8D76-4D6A-C99E78E9B20E" name="CLEN_ZAMESTNANEC_FK">
<createdBy>kubak182</createdBy>
<createdTime>2020-06-27 15:16:41 UTC</createdTime>
<generatorID>A9BE1BD6-4AD9-51E8-E8D3-904808E30576</generatorID>
<ownerDesignName>jezek</ownerDesignName>
<referredTableLongName>ZAMESTNANEC</referredTableLongName>
<deleteRule>NO ACTION</deleteRule>
<referredTableID>7CAD58D2-5EEF-885C-15D2-E38641663CC6</referredTableID>
<keyObject>85EF8A05-3380-06D8-3533-B32893017FF4</keyObject>
<referredKeyID>85EF8A05-3380-06D8-3533-B32893017FF4</referredKeyID>
<mandatory>true</mandatory>
<refColNames>id_zamestnanec</refColNames>
<transferable>true</transferable>
<rely>false</rely>
<columnDependencyConstraintGenerateInDDL>true</columnDependencyConstraintGenerateInDDL>
</FKIndexAssociation>
