<?xml version = '1.0' encoding = 'UTF-8'?>
<FKIndexAssociation class="oracle.dbtools.crest.model.design.relational.FKIndexAssociation" directorySegmentName="seg_0" id="E922AA6B-8DF8-5C24-130D-9238F12EC939" containerWithKeyObject="816C3BBF-9410-58CD-1D38-4A7A4E433832" localFKIndex="5911F0C9-C784-C1C1-53E6-43CCE9DCF9A0" name="ZAKAZNIK_ADRESA_FK">
<createdBy>kubak182</createdBy>
<createdTime>2020-06-27 15:16:41 UTC</createdTime>
<generatorID>61F59434-B0FA-8A9A-0EA3-33A2E50BE25F</generatorID>
<ownerDesignName>jezek</ownerDesignName>
<referredTableLongName>ADRESA</referredTableLongName>
<deleteRule>NO ACTION</deleteRule>
<referredTableID>A90CF5E3-7E44-70AA-6813-D5438266814B</referredTableID>
<keyObject>05DB9CBE-863E-1A7D-1D99-6AD2B9645FCE</keyObject>
<referredKeyID>05DB9CBE-863E-1A7D-1D99-6AD2B9645FCE</referredKeyID>
<mandatory>false</mandatory>
<refColNames>id_adresy</refColNames>
<transferable>true</transferable>
<rely>false</rely>
<columnDependencyConstraintGenerateInDDL>true</columnDependencyConstraintGenerateInDDL>
</FKIndexAssociation>
