<?xml version = '1.0' encoding = 'UTF-8'?>
<FKIndexAssociation class="oracle.dbtools.crest.model.design.relational.FKIndexAssociation" directorySegmentName="seg_0" id="E928311E-FC14-E172-29EF-DC9ADD53CB06" containerWithKeyObject="13BE2CDE-EC0F-4348-5D12-35383463204C" localFKIndex="D78331BF-6836-0DC5-EA59-769DDA059F52" name="MALOOBCHOD_ZAKAZNIK_FK">
<createdBy>kubak182</createdBy>
<createdTime>2020-06-27 15:16:41 UTC</createdTime>
<generatorID>D4CC41F8-A0CE-09A7-7295-DD096B2673FC</generatorID>
<ownerDesignName>jezek</ownerDesignName>
<referredTableLongName>ZAKAZNIK</referredTableLongName>
<arc>298BFA58-F83D-1522-F299-E86CD2356CAB</arc>
<deleteRule>NO ACTION</deleteRule>
<referredTableID>816C3BBF-9410-58CD-1D38-4A7A4E433832</referredTableID>
<keyObject>2886CD5A-DC51-A70B-E00C-601DC4F7724E</keyObject>
<referredKeyID>2886CD5A-DC51-A70B-E00C-601DC4F7724E</referredKeyID>
<mandatory>true</mandatory>
<refColNames>id_zakaznik</refColNames>
<transferable>true</transferable>
<rely>false</rely>
<discriminatorValue>MALOOBCHOD</discriminatorValue>
<columnDependencyConstraintGenerateInDDL>true</columnDependencyConstraintGenerateInDDL>
</FKIndexAssociation>
