<?xml version = '1.0' encoding = 'UTF-8'?>
<FKIndexAssociation class="oracle.dbtools.crest.model.design.relational.FKIndexAssociation" directorySegmentName="seg_0" id="FFBD20E7-DD66-63A4-F3CF-B263DA5B5CA3" containerWithKeyObject="AF75CA9B-EE53-CB20-1514-0D08EE7FD7A1" localFKIndex="65A3AA21-530E-04DE-7F76-C2F346951ED3" name="SEZNAM_TYMU_TYM_FK">
<createdBy>kubak182</createdBy>
<createdTime>2020-06-27 15:16:41 UTC</createdTime>
<generatorID>37971541-0D52-0AFB-B35B-9A846716B014</generatorID>
<ownerDesignName>jezek</ownerDesignName>
<referredTableLongName>TYM</referredTableLongName>
<deleteRule>NO ACTION</deleteRule>
<referredTableID>949D742E-F51A-DC62-7897-A4A454C4722F</referredTableID>
<keyObject>D6796149-4502-AB48-8A36-2B14C1E21F61</keyObject>
<referredKeyID>D6796149-4502-AB48-8A36-2B14C1E21F61</referredKeyID>
<mandatory>true</mandatory>
<refColNames>id_tymu</refColNames>
<transferable>true</transferable>
<rely>false</rely>
<columnDependencyConstraintGenerateInDDL>true</columnDependencyConstraintGenerateInDDL>
</FKIndexAssociation>
