<?xml version = '1.0' encoding = 'UTF-8'?>
<Entity class="oracle.dbtools.crest.model.design.logical.Entity" directorySegmentName="seg_0" id="0C60F9F4-363F-B5C7-1EDA-F5E6101EFEFE" name="OBJEDNAVKA">
<createdBy>kubak182</createdBy>
<createdTime>2020-04-05 13:54:23 UTC</createdTime>
<ownerDesignName>jezek</ownerDesignName>
<engineerTo>
<item key="C98AFC3C-45D7-A75D-53E6-C9974F40732A" value="true"/>
</engineerTo>
<adequatelyNormalized>NO</adequatelyNormalized>
<expectedVolumes>0</expectedVolumes>
<fwdEngineeringStrategyName>Single Table</fwdEngineeringStrategyName>
<growthPercent>0</growthPercent>
<growthType>Year</growthType>
<maxVolumes>9999999</maxVolumes>
<minVolumes>0</minVolumes>
<normalForm>Third</normalForm>
<attributes itemClass="oracle.dbtools.crest.model.design.logical.Attribute">
<Attribute name="id_zakazky" id="88BF49DB-7195-D86A-B027-BA379CB8D045">
<createdBy>kubak182</createdBy>
<createdTime>2020-04-05 13:54:47 UTC</createdTime>
<generatorID>12CA7171-2E19-E91E-CD2D-0B7D259A5D75</generatorID>
<ownerDesignName>jezek</ownerDesignName>
<engineerTo>
<item key="C98AFC3C-45D7-A75D-53E6-C9974F40732A" value="true"/>
</engineerTo>
<referedAttribute>99FE7DDB-B8D3-78BF-BEC9-1DBA388B2649</referedAttribute>
<useDomainConstraints>false</useDomainConstraints>
<use>1</use>
<logicalDatatype>LOGDT019</logicalDatatype>
<ownDataTypeParameters>,,</ownDataTypeParameters>
</Attribute>
<Attribute name="id_zakaznik" id="DADD14D1-822C-5C3C-79A2-7A13555FEC12">
<createdBy>kubak182</createdBy>
<createdTime>2020-04-05 14:04:12 UTC</createdTime>
<generatorID>60E42145-BC81-2E4B-9707-C8B0E75DF9E9</generatorID>
<ownerDesignName>jezek</ownerDesignName>
<engineerTo>
<item key="C98AFC3C-45D7-A75D-53E6-C9974F40732A" value="true"/>
</engineerTo>
<referedAttribute>C6A8C45B-7C9D-F82E-25AD-A5AE17DDC2EA</referedAttribute>
<useDomainConstraints>false</useDomainConstraints>
<use>1</use>
<logicalDatatype>LOGDT019</logicalDatatype>
<ownDataTypeParameters>,,</ownDataTypeParameters>
</Attribute>
<Attribute name="datum_prijeti" id="D5454FF4-7972-56B3-A06F-73B4FFDDA953">
<createdBy>kubak182</createdBy>
<createdTime>2020-04-05 14:05:50 UTC</createdTime>
<ownerDesignName>jezek</ownerDesignName>
<engineerTo>
<item key="C98AFC3C-45D7-A75D-53E6-C9974F40732A" value="true"/>
</engineerTo>
<useDomainConstraints>false</useDomainConstraints>
<use>1</use>
<logicalDatatype>LOGDT008</logicalDatatype>
<ownDataTypeParameters>,,</ownDataTypeParameters>
</Attribute>
<Attribute name="datum_vyrizeni" id="1BC0F597-1C87-215D-F921-96613E55DD89">
<createdBy>kubak182</createdBy>
<createdTime>2020-04-05 14:05:56 UTC</createdTime>
<ownerDesignName>jezek</ownerDesignName>
<engineerTo>
<item key="C98AFC3C-45D7-A75D-53E6-C9974F40732A" value="true"/>
</engineerTo>
<useDomainConstraints>false</useDomainConstraints>
<use>1</use>
<logicalDatatype>LOGDT008</logicalDatatype>
<ownDataTypeParameters>,,</ownDataTypeParameters>
</Attribute>
</attributes>
<identifiers itemClass="oracle.dbtools.crest.model.design.logical.CandidateKey">
<identifier id="75595B50-C751-0D64-1A1A-B10D1B95AAA4" name="OBJEDNAVKA PK">
<createdBy>kubak182</createdBy>
<createdTime>2020-04-05 13:54:47 UTC</createdTime>
<ownerDesignName>jezek</ownerDesignName>
<shouldEngineer>false</shouldEngineer>
<engineerTo>
<item key="C98AFC3C-45D7-A75D-53E6-C9974F40732A" value="false"/>
</engineerTo>
<pk>true</pk>
<usedAttributes>
<attributeRef>DADD14D1-822C-5C3C-79A2-7A13555FEC12</attributeRef>
<attributeRef>88BF49DB-7195-D86A-B027-BA379CB8D045</attributeRef>
</usedAttributes>
</identifier>
</identifiers>
</Entity>
