<?xml version = '1.0' encoding = 'UTF-8'?>
<Entity class="oracle.dbtools.crest.model.design.logical.Entity" directorySegmentName="seg_0" id="6BB4785C-1373-A4D3-E88D-417C3EFAF524" name="SKLAD_TECHNIKY">
<createdBy>kubak182</createdBy>
<createdTime>2020-04-04 15:25:11 UTC</createdTime>
<ownerDesignName>jezek</ownerDesignName>
<engineerTo>
<item key="DF5C361E-33FF-C4CA-C5CE-31E2C47B3F62" value="true"/>
</engineerTo>
<adequatelyNormalized>NO</adequatelyNormalized>
<expectedVolumes>0</expectedVolumes>
<fwdEngineeringStrategyName>Single Table</fwdEngineeringStrategyName>
<growthPercent>0</growthPercent>
<growthType>Year</growthType>
<maxVolumes>9999999</maxVolumes>
<minVolumes>0</minVolumes>
<normalForm>Third</normalForm>
<attributes itemClass="oracle.dbtools.crest.model.design.logical.Attribute">
<Attribute name="id_skladu_techniky" id="162D1F39-5266-760F-55A5-C56F095E625D">
<createdBy>kubak182</createdBy>
<createdTime>2020-04-05 15:27:30 UTC</createdTime>
<ownerDesignName>jezek</ownerDesignName>
<engineerTo>
<item key="DF5C361E-33FF-C4CA-C5CE-31E2C47B3F62" value="true"/>
</engineerTo>
<useDomainConstraints>false</useDomainConstraints>
<use>1</use>
<logicalDatatype>LOGDT019</logicalDatatype>
<ownDataTypeParameters>,,</ownDataTypeParameters>
</Attribute>
<Attribute name="nazev_skladu_techniky" id="281C3EB8-6AE9-B7E4-ABCF-4A327A9A852A">
<createdBy>kubak182</createdBy>
<createdTime>2020-04-05 17:02:04 UTC</createdTime>
<ownerDesignName>jezek</ownerDesignName>
<engineerTo>
<item key="DF5C361E-33FF-C4CA-C5CE-31E2C47B3F62" value="true"/>
</engineerTo>
<useDomainConstraints>false</useDomainConstraints>
<use>1</use>
<logicalDatatype>LOGDT024</logicalDatatype>
<dataTypeSize>500</dataTypeSize>
<ownDataTypeParameters>500,,</ownDataTypeParameters>
</Attribute>
<Attribute name="popis" id="AEAE7C47-E7AA-44D5-B158-202F964BB5EB">
<createdBy>kubak182</createdBy>
<createdTime>2020-04-05 15:27:44 UTC</createdTime>
<ownerDesignName>jezek</ownerDesignName>
<engineerTo>
<item key="DF5C361E-33FF-C4CA-C5CE-31E2C47B3F62" value="true"/>
</engineerTo>
<nullsAllowed>true</nullsAllowed>
<useDomainConstraints>false</useDomainConstraints>
<use>1</use>
<logicalDatatype>LOGDT024</logicalDatatype>
<dataTypeSize>4000</dataTypeSize>
<ownDataTypeParameters>4000,,</ownDataTypeParameters>
</Attribute>
</attributes>
<identifiers itemClass="oracle.dbtools.crest.model.design.logical.CandidateKey">
<identifier id="9F6E0416-6941-4BF3-5457-3EA40179AF9A" name="SKLAD_TECH_PK">
<createdBy>kubak182</createdBy>
<createdTime>2020-04-05 15:21:49 UTC</createdTime>
<ownerDesignName>jezek</ownerDesignName>
<shouldEngineer>false</shouldEngineer>
<engineerTo>
<item key="DF5C361E-33FF-C4CA-C5CE-31E2C47B3F62" value="false"/>
</engineerTo>
<pk>true</pk>
<newElementsIDs>162D1F39-5266-760F-55A5-C56F095E625D</newElementsIDs>
<usedAttributes>
<attributeRef>162D1F39-5266-760F-55A5-C56F095E625D</attributeRef>
</usedAttributes>
</identifier>
<identifier id="27B25E49-E585-FC0E-8BFC-55514EBBC6B5" name="Key_2">
<createdBy>kubak182</createdBy>
<createdTime>2020-04-05 21:26:06 UTC</createdTime>
<ownerDesignName>jezek</ownerDesignName>
<shouldEngineer>false</shouldEngineer>
<engineerTo>
<item key="DF5C361E-33FF-C4CA-C5CE-31E2C47B3F62" value="false"/>
</engineerTo>
<newElementsIDs>281C3EB8-6AE9-B7E4-ABCF-4A327A9A852A</newElementsIDs>
<usedAttributes>
<attributeRef>281C3EB8-6AE9-B7E4-ABCF-4A327A9A852A</attributeRef>
</usedAttributes>
</identifier>
</identifiers>
</Entity>
