<?xml version = '1.0' encoding = 'UTF-8'?>
<Entity class="oracle.dbtools.crest.model.design.logical.Entity" directorySegmentName="seg_0" id="9589A1E6-2EA3-6C11-93D2-D3598149DF17" name="MALOOBCHOD">
<createdBy>kubak182</createdBy>
<createdTime>2020-04-04 07:12:32 UTC</createdTime>
<ownerDesignName>jezek</ownerDesignName>
<engineerTo>
<item key="AE46DC7B-2F00-81CB-82C1-A238B94916B3" value="true"/>
</engineerTo>
<adequatelyNormalized>NO</adequatelyNormalized>
<expectedVolumes>0</expectedVolumes>
<fwdEngineeringStrategyName>Single Table</fwdEngineeringStrategyName>
<growthPercent>0</growthPercent>
<growthType>Year</growthType>
<hierarchicalParent>B518974A-8AAC-DA14-DA9F-7D9AE51318AE</hierarchicalParent>
<maxVolumes>9999999</maxVolumes>
<minVolumes>0</minVolumes>
<normalForm>Third</normalForm>
<attributes itemClass="oracle.dbtools.crest.model.design.logical.Attribute">
<Attribute name="vek" id="F0C3A246-23BE-C194-9266-80ED4FC8545B">
<createdBy>kubak182</createdBy>
<createdTime>2020-04-05 17:05:16 UTC</createdTime>
<ownerDesignName>jezek</ownerDesignName>
<engineerTo>
<item key="AE46DC7B-2F00-81CB-82C1-A238B94916B3" value="true"/>
</engineerTo>
<nullsAllowed>true</nullsAllowed>
<useDomainConstraints>false</useDomainConstraints>
<use>1</use>
<logicalDatatype>LOGDT019</logicalDatatype>
<ownDataTypeParameters>,,</ownDataTypeParameters>
</Attribute>
<Attribute name="pohlavi" id="4836DC00-E235-FA1E-A462-B7C2FC19FAF3">
<createdBy>kubak182</createdBy>
<createdTime>2020-04-05 17:05:20 UTC</createdTime>
<ownerDesignName>jezek</ownerDesignName>
<engineerTo>
<item key="AE46DC7B-2F00-81CB-82C1-A238B94916B3" value="true"/>
</engineerTo>
<nullsAllowed>true</nullsAllowed>
<useDomainConstraints>false</useDomainConstraints>
<use>1</use>
<logicalDatatype>LOGDT024</logicalDatatype>
<dataTypeSize>10</dataTypeSize>
<ownDataTypeParameters>10,,</ownDataTypeParameters>
</Attribute>
<Attribute name="prijmeni" id="A66C0251-CE76-692A-4D7C-446E197270F4">
<createdBy>kubak182</createdBy>
<createdTime>2020-04-05 17:06:18 UTC</createdTime>
<ownerDesignName>jezek</ownerDesignName>
<engineerTo>
<item key="AE46DC7B-2F00-81CB-82C1-A238B94916B3" value="true"/>
</engineerTo>
<nullsAllowed>true</nullsAllowed>
<useDomainConstraints>false</useDomainConstraints>
<use>1</use>
<logicalDatatype>LOGDT024</logicalDatatype>
<dataTypeSize>100</dataTypeSize>
<ownDataTypeParameters>100,,</ownDataTypeParameters>
</Attribute>
<Attribute name="titul" id="3F421503-F5A3-1988-21F4-B94DE63E8F0E">
<createdBy>kubak182</createdBy>
<createdTime>2020-04-05 17:06:25 UTC</createdTime>
<ownerDesignName>jezek</ownerDesignName>
<engineerTo>
<item key="AE46DC7B-2F00-81CB-82C1-A238B94916B3" value="true"/>
</engineerTo>
<nullsAllowed>true</nullsAllowed>
<useDomainConstraints>false</useDomainConstraints>
<use>1</use>
<logicalDatatype>LOGDT024</logicalDatatype>
<dataTypeSize>30</dataTypeSize>
<ownDataTypeParameters>30,,</ownDataTypeParameters>
</Attribute>
</attributes>
</Entity>