<?xml version = '1.0' encoding = 'UTF-8'?>
<Entity class="oracle.dbtools.crest.model.design.logical.Entity" directorySegmentName="seg_0" id="A588F84D-CEED-534F-9EE5-6535E56E0B9B" name="REALIZACE">
<createdBy>kubak182</createdBy>
<createdTime>2020-04-04 08:41:58 UTC</createdTime>
<ownerDesignName>jezek</ownerDesignName>
<engineerTo>
<item key="C98AFC3C-45D7-A75D-53E6-C9974F40732A" value="true"/>
</engineerTo>
<adequatelyNormalized>NO</adequatelyNormalized>
<expectedVolumes>0</expectedVolumes>
<fwdEngineeringStrategyName>Single Table</fwdEngineeringStrategyName>
<growthPercent>0</growthPercent>
<growthType>Year</growthType>
<maxVolumes>9999999</maxVolumes>
<minVolumes>0</minVolumes>
<normalForm>Third</normalForm>
<attributes itemClass="oracle.dbtools.crest.model.design.logical.Attribute">
<Attribute name="id_nabidky" id="95F95453-91DD-0C63-3721-916BFCD1A3CE">
<createdBy>kubak182</createdBy>
<createdTime>2020-04-04 08:56:48 UTC</createdTime>
<generatorID>E89E88A6-C2CF-54D5-FC16-AFFF27EC1FA8</generatorID>
<ownerDesignName>jezek</ownerDesignName>
<engineerTo>
<item key="C98AFC3C-45D7-A75D-53E6-C9974F40732A" value="true"/>
</engineerTo>
<referedAttribute>ED5148AC-42E4-5098-EA1D-43C13D143739</referedAttribute>
<useDomainConstraints>false</useDomainConstraints>
<use>1</use>
<logicalDatatype>LOGDT019</logicalDatatype>
<ownDataTypeParameters>,,</ownDataTypeParameters>
</Attribute>
<Attribute name="plocha" id="C70DCABA-4366-C977-1DAD-1C42C5F0F8B9">
<createdBy>kubak182</createdBy>
<createdTime>2020-04-04 14:51:33 UTC</createdTime>
<ownerDesignName>jezek</ownerDesignName>
<engineerTo>
<item key="C98AFC3C-45D7-A75D-53E6-C9974F40732A" value="true"/>
</engineerTo>
<useDomainConstraints>false</useDomainConstraints>
<use>1</use>
<logicalDatatype>LOGDT024</logicalDatatype>
<dataTypeSize>100</dataTypeSize>
<ownDataTypeParameters>100,,</ownDataTypeParameters>
</Attribute>
<Attribute name="naceneni" id="331D2DA1-6782-8E2A-162B-ADB607B2062E">
<createdBy>kubak182</createdBy>
<createdTime>2020-04-04 14:51:39 UTC</createdTime>
<ownerDesignName>jezek</ownerDesignName>
<engineerTo>
<item key="C98AFC3C-45D7-A75D-53E6-C9974F40732A" value="true"/>
</engineerTo>
<useDomainConstraints>false</useDomainConstraints>
<use>1</use>
<logicalDatatype>LOGDT019</logicalDatatype>
<dataTypeScale>2</dataTypeScale>
<ownDataTypeParameters>,,2</ownDataTypeParameters>
</Attribute>
<Attribute name="cas" id="3C362D4F-FE8B-579B-B886-AD27E6F5756D">
<createdBy>kubak182</createdBy>
<createdTime>2020-04-05 14:35:33 UTC</createdTime>
<ownerDesignName>jezek</ownerDesignName>
<engineerTo>
<item key="C98AFC3C-45D7-A75D-53E6-C9974F40732A" value="true"/>
</engineerTo>
<nullsAllowed>true</nullsAllowed>
<useDomainConstraints>false</useDomainConstraints>
<use>1</use>
<logicalDatatype>LOGDT008</logicalDatatype>
<ownDataTypeParameters>,,</ownDataTypeParameters>
</Attribute>
</attributes>
<identifiers itemClass="oracle.dbtools.crest.model.design.logical.CandidateKey">
<identifier id="4B8216F2-4DD3-4695-6AEA-2135787F2F3D" name="REALIZACE_ZAHRADY PK">
<createdBy>kubak182</createdBy>
<createdTime>2020-04-04 08:56:47 UTC</createdTime>
<ownerDesignName>jezek</ownerDesignName>
<engineerTo>
<item key="C98AFC3C-45D7-A75D-53E6-C9974F40732A" value="true"/>
</engineerTo>
<pk>true</pk>
<usedAttributes>
<attributeRef>95F95453-91DD-0C63-3721-916BFCD1A3CE</attributeRef>
</usedAttributes>
</identifier>
</identifiers>
</Entity>
