<?xml version = '1.0' encoding = 'UTF-8'?>
<Entity class="oracle.dbtools.crest.model.design.logical.Entity" directorySegmentName="seg_0" id="B518974A-8AAC-DA14-DA9F-7D9AE51318AE" name="ZAKAZNIK">
<createdBy>kubak182</createdBy>
<createdTime>2020-04-03 20:16:42 UTC</createdTime>
<ownerDesignName>jezek</ownerDesignName>
<engineerTo>
<item key="DF5C361E-33FF-C4CA-C5CE-31E2C47B3F62" value="true"/>
</engineerTo>
<adequatelyNormalized>NO</adequatelyNormalized>
<expectedVolumes>0</expectedVolumes>
<fwdEngineeringStrategyName>Single Table</fwdEngineeringStrategyName>
<growthPercent>0</growthPercent>
<growthType>Year</growthType>
<maxVolumes>9999999</maxVolumes>
<minVolumes>0</minVolumes>
<normalForm>Third</normalForm>
<generateDiscrimColumn>true</generateDiscrimColumn>
<completeSubtypes>true</completeSubtypes>
<attributes itemClass="oracle.dbtools.crest.model.design.logical.Attribute">
<Attribute name="id_zakaznik" id="C6A8C45B-7C9D-F82E-25AD-A5AE17DDC2EA">
<createdBy>kubak182</createdBy>
<createdTime>2020-04-03 20:17:08 UTC</createdTime>
<ownerDesignName>jezek</ownerDesignName>
<engineerTo>
<item key="DF5C361E-33FF-C4CA-C5CE-31E2C47B3F62" value="true"/>
</engineerTo>
<useDomainConstraints>false</useDomainConstraints>
<use>1</use>
<logicalDatatype>LOGDT019</logicalDatatype>
<ownDataTypeParameters>,,</ownDataTypeParameters>
</Attribute>
<Attribute name="telefon" id="2B82179D-E7DF-1F90-900B-D1AB447789C7">
<createdBy>kubak182</createdBy>
<createdTime>2020-04-04 07:14:04 UTC</createdTime>
<ownerDesignName>jezek</ownerDesignName>
<engineerTo>
<item key="DF5C361E-33FF-C4CA-C5CE-31E2C47B3F62" value="true"/>
</engineerTo>
<useDomainConstraints>false</useDomainConstraints>
<use>1</use>
<logicalDatatype>LOGDT024</logicalDatatype>
<dataTypeSize>100</dataTypeSize>
<ownDataTypeParameters>100,,</ownDataTypeParameters>
</Attribute>
<Attribute name="id_adresy" id="749FD6E2-228D-E6F3-8316-090A06005CA7">
<createdBy>kubak182</createdBy>
<createdTime>2020-04-04 07:15:20 UTC</createdTime>
<generatorID>61F59434-B0FA-8A9A-0EA3-33A2E50BE25F</generatorID>
<ownerDesignName>jezek</ownerDesignName>
<engineerTo>
<item key="DF5C361E-33FF-C4CA-C5CE-31E2C47B3F62" value="true"/>
</engineerTo>
<nullsAllowed>true</nullsAllowed>
<referedAttribute>4DA2D550-114C-63A0-F1B0-F02CDC1A5658</referedAttribute>
<useDomainConstraints>false</useDomainConstraints>
<use>1</use>
<logicalDatatype>LOGDT019</logicalDatatype>
<dataTypePrecision>38</dataTypePrecision>
<ownDataTypeParameters>,38,</ownDataTypeParameters>
</Attribute>
<Attribute name="jmeno" id="BFD41B6C-9DA4-606B-7C38-E342A2ED261A">
<createdBy>kubak182</createdBy>
<createdTime>2020-04-04 15:02:36 UTC</createdTime>
<ownerDesignName>jezek</ownerDesignName>
<engineerTo>
<item key="DF5C361E-33FF-C4CA-C5CE-31E2C47B3F62" value="true"/>
</engineerTo>
<useDomainConstraints>false</useDomainConstraints>
<use>1</use>
<logicalDatatype>LOGDT024</logicalDatatype>
<dataTypeSize>100</dataTypeSize>
<ownDataTypeParameters>100,,</ownDataTypeParameters>
</Attribute>
<Attribute name="email" id="54E68E98-75DF-FF79-1871-86E079715F7F">
<createdBy>kubak182</createdBy>
<createdTime>2020-04-04 07:14:09 UTC</createdTime>
<ownerDesignName>jezek</ownerDesignName>
<engineerTo>
<item key="DF5C361E-33FF-C4CA-C5CE-31E2C47B3F62" value="true"/>
</engineerTo>
<useDomainConstraints>false</useDomainConstraints>
<use>1</use>
<logicalDatatype>LOGDT024</logicalDatatype>
<dataTypeSize>400</dataTypeSize>
<ownDataTypeParameters>400,,</ownDataTypeParameters>
</Attribute>
</attributes>
<identifiers itemClass="oracle.dbtools.crest.model.design.logical.CandidateKey">
<identifier id="FBB1D7FB-609D-9541-E02D-F8E64836FEF5" name="ZAKAZNIK PK">
<createdBy>kubak182</createdBy>
<createdTime>2020-04-03 20:17:38 UTC</createdTime>
<ownerDesignName>jezek</ownerDesignName>
<shouldEngineer>false</shouldEngineer>
<engineerTo>
<item key="DF5C361E-33FF-C4CA-C5CE-31E2C47B3F62" value="false"/>
</engineerTo>
<pk>true</pk>
<usedAttributes>
<attributeRef>C6A8C45B-7C9D-F82E-25AD-A5AE17DDC2EA</attributeRef>
</usedAttributes>
</identifier>
<identifier id="E9855D4D-DD94-86DD-5E94-D726A056EE08" name="Key_2">
<createdBy>kubak182</createdBy>
<createdTime>2020-04-05 21:27:09 UTC</createdTime>
<ownerDesignName>jezek</ownerDesignName>
<shouldEngineer>false</shouldEngineer>
<engineerTo>
<item key="DF5C361E-33FF-C4CA-C5CE-31E2C47B3F62" value="false"/>
</engineerTo>
<newElementsIDs>2B82179D-E7DF-1F90-900B-D1AB447789C7</newElementsIDs>
<usedAttributes>
<attributeRef>2B82179D-E7DF-1F90-900B-D1AB447789C7</attributeRef>
</usedAttributes>
</identifier>
</identifiers>
</Entity>
