<?xml version = '1.0' encoding = 'UTF-8'?>
<Entity class="oracle.dbtools.crest.model.design.logical.Entity" directorySegmentName="seg_0" id="DA1F6C57-4A89-8726-3605-EDC4422CD90B" name="UDRZBA">
<createdBy>kubak182</createdBy>
<createdTime>2020-04-04 08:42:16 UTC</createdTime>
<ownerDesignName>jezek</ownerDesignName>
<engineerTo>
<item key="C98AFC3C-45D7-A75D-53E6-C9974F40732A" value="true"/>
</engineerTo>
<adequatelyNormalized>NO</adequatelyNormalized>
<expectedVolumes>0</expectedVolumes>
<fwdEngineeringStrategyName>Single Table</fwdEngineeringStrategyName>
<growthPercent>0</growthPercent>
<growthType>Year</growthType>
<maxVolumes>9999999</maxVolumes>
<minVolumes>0</minVolumes>
<normalForm>Third</normalForm>
<attributes itemClass="oracle.dbtools.crest.model.design.logical.Attribute">
<Attribute name="id_nabidky" id="0E00084B-32F2-044D-1E40-97B7B9EAE33E">
<createdBy>kubak182</createdBy>
<createdTime>2020-04-04 08:56:48 UTC</createdTime>
<generatorID>F0DE9C0A-A1E9-D432-BC4D-E3FA7CC7F446</generatorID>
<ownerDesignName>jezek</ownerDesignName>
<engineerTo>
<item key="C98AFC3C-45D7-A75D-53E6-C9974F40732A" value="true"/>
</engineerTo>
<referedAttribute>ED5148AC-42E4-5098-EA1D-43C13D143739</referedAttribute>
<useDomainConstraints>false</useDomainConstraints>
<use>1</use>
<logicalDatatype>LOGDT019</logicalDatatype>
<ownDataTypeParameters>,,</ownDataTypeParameters>
</Attribute>
<Attribute name="cas" id="43B929C5-9F3F-D61A-B720-CEA5D33E9F47">
<createdBy>kubak182</createdBy>
<createdTime>2020-04-04 14:51:51 UTC</createdTime>
<ownerDesignName>jezek</ownerDesignName>
<engineerTo>
<item key="C98AFC3C-45D7-A75D-53E6-C9974F40732A" value="true"/>
</engineerTo>
<useDomainConstraints>false</useDomainConstraints>
<use>1</use>
<logicalDatatype>LOGDT008</logicalDatatype>
<ownDataTypeParameters>,,</ownDataTypeParameters>
</Attribute>
<Attribute name="naceneni" id="2199CD32-0147-C8BE-EDE8-9CA64B668B25">
<createdBy>kubak182</createdBy>
<createdTime>2020-04-04 14:54:18 UTC</createdTime>
<ownerDesignName>jezek</ownerDesignName>
<engineerTo>
<item key="C98AFC3C-45D7-A75D-53E6-C9974F40732A" value="true"/>
</engineerTo>
<useDomainConstraints>false</useDomainConstraints>
<use>1</use>
<logicalDatatype>LOGDT019</logicalDatatype>
<dataTypePrecision>38</dataTypePrecision>
<dataTypeScale>2</dataTypeScale>
<ownDataTypeParameters>,38,2</ownDataTypeParameters>
</Attribute>
</attributes>
<identifiers itemClass="oracle.dbtools.crest.model.design.logical.CandidateKey">
<identifier id="BF474898-4288-B99D-C829-D38DF65D239D" name="UDRZBA PK">
<createdBy>kubak182</createdBy>
<createdTime>2020-04-04 08:56:47 UTC</createdTime>
<ownerDesignName>jezek</ownerDesignName>
<engineerTo>
<item key="C98AFC3C-45D7-A75D-53E6-C9974F40732A" value="true"/>
</engineerTo>
<pk>true</pk>
<usedAttributes>
<attributeRef>0E00084B-32F2-044D-1E40-97B7B9EAE33E</attributeRef>
</usedAttributes>
</identifier>
</identifiers>
</Entity>
