<?xml version = '1.0' encoding = 'UTF-8'?>
<Entity class="oracle.dbtools.crest.model.design.logical.Entity" directorySegmentName="seg_0" id="EB38E086-D68B-A6DA-52C7-D387AC1A8C24" name="SKLAD_MATERIALU">
<createdBy>kubak182</createdBy>
<createdTime>2020-04-04 15:10:21 UTC</createdTime>
<ownerDesignName>jezek</ownerDesignName>
<engineerTo>
<item key="DF5C361E-33FF-C4CA-C5CE-31E2C47B3F62" value="true"/>
</engineerTo>
<adequatelyNormalized>NO</adequatelyNormalized>
<expectedVolumes>0</expectedVolumes>
<fwdEngineeringStrategyName>Single Table</fwdEngineeringStrategyName>
<growthPercent>0</growthPercent>
<growthType>Year</growthType>
<maxVolumes>9999999</maxVolumes>
<minVolumes>0</minVolumes>
<normalForm>Third</normalForm>
<attributes itemClass="oracle.dbtools.crest.model.design.logical.Attribute">
<Attribute name="id_skladu_materialu" id="0A50166D-BADC-B909-91FB-8573E4D351E4">
<createdBy>kubak182</createdBy>
<createdTime>2020-04-05 14:36:28 UTC</createdTime>
<ownerDesignName>jezek</ownerDesignName>
<engineerTo>
<item key="DF5C361E-33FF-C4CA-C5CE-31E2C47B3F62" value="true"/>
</engineerTo>
<useDomainConstraints>false</useDomainConstraints>
<use>1</use>
<logicalDatatype>LOGDT019</logicalDatatype>
<dataTypePrecision>38</dataTypePrecision>
<ownDataTypeParameters>,38,</ownDataTypeParameters>
</Attribute>
<Attribute name="nazev_skladu" id="530F2817-6567-C46C-79DE-8B04D36538C9">
<createdBy>kubak182</createdBy>
<createdTime>2020-04-05 14:36:36 UTC</createdTime>
<ownerDesignName>jezek</ownerDesignName>
<engineerTo>
<item key="DF5C361E-33FF-C4CA-C5CE-31E2C47B3F62" value="true"/>
</engineerTo>
<useDomainConstraints>false</useDomainConstraints>
<use>1</use>
<logicalDatatype>LOGDT024</logicalDatatype>
<dataTypeSize>500</dataTypeSize>
<ownDataTypeParameters>500,,</ownDataTypeParameters>
</Attribute>
<Attribute name="popis" id="AEF741F0-7A9A-D19E-BCA4-C75CCF10C88C">
<createdBy>kubak182</createdBy>
<createdTime>2020-04-05 14:38:59 UTC</createdTime>
<ownerDesignName>jezek</ownerDesignName>
<engineerTo>
<item key="DF5C361E-33FF-C4CA-C5CE-31E2C47B3F62" value="true"/>
</engineerTo>
<nullsAllowed>true</nullsAllowed>
<useDomainConstraints>false</useDomainConstraints>
<use>1</use>
<logicalDatatype>LOGDT024</logicalDatatype>
<dataTypeSize>4000</dataTypeSize>
<ownDataTypeParameters>4000,,</ownDataTypeParameters>
</Attribute>
<Attribute name="id_sidla" id="13EE4AB8-6BDE-6104-104C-1FC160516459">
<createdBy>kubak182</createdBy>
<createdTime>2020-06-27 15:28:31 UTC</createdTime>
<generatorID>D6DE1404-BBB6-CB25-74F6-082B34EBB1BA</generatorID>
<ownerDesignName>jezek</ownerDesignName>
<engineerTo>
<item key="DF5C361E-33FF-C4CA-C5CE-31E2C47B3F62" value="true"/>
</engineerTo>
<nullsAllowed>true</nullsAllowed>
<referedAttribute>C82DE62B-EA08-402B-7D22-330E7D18DA1A</referedAttribute>
<useDomainConstraints>false</useDomainConstraints>
<use>1</use>
<logicalDatatype>LOGDT019</logicalDatatype>
<dataTypePrecision>38</dataTypePrecision>
<dataTypeScale>2</dataTypeScale>
<ownDataTypeParameters>,,</ownDataTypeParameters>
</Attribute>
</attributes>
<identifiers itemClass="oracle.dbtools.crest.model.design.logical.CandidateKey">
<identifier id="B75EFF22-1273-7F76-9756-29C33E817BBC" name="SKLAD_MA PK">
<createdBy>kubak182</createdBy>
<createdTime>2020-04-05 14:36:58 UTC</createdTime>
<ownerDesignName>jezek</ownerDesignName>
<shouldEngineer>false</shouldEngineer>
<engineerTo>
<item key="DF5C361E-33FF-C4CA-C5CE-31E2C47B3F62" value="false"/>
</engineerTo>
<pk>true</pk>
<newElementsIDs>0A50166D-BADC-B909-91FB-8573E4D351E4</newElementsIDs>
<usedAttributes>
<attributeRef>0A50166D-BADC-B909-91FB-8573E4D351E4</attributeRef>
</usedAttributes>
</identifier>
<identifier id="55D447BF-97A3-1AAA-9BAA-00CC7CFB3E96" name="Key_2">
<createdBy>kubak182</createdBy>
<createdTime>2020-04-05 21:27:53 UTC</createdTime>
<ownerDesignName>jezek</ownerDesignName>
<shouldEngineer>false</shouldEngineer>
<engineerTo>
<item key="DF5C361E-33FF-C4CA-C5CE-31E2C47B3F62" value="false"/>
</engineerTo>
<newElementsIDs>530F2817-6567-C46C-79DE-8B04D36538C9</newElementsIDs>
<usedAttributes>
<attributeRef>530F2817-6567-C46C-79DE-8B04D36538C9</attributeRef>
</usedAttributes>
</identifier>
</identifiers>
</Entity>
