<?xml version = '1.0' encoding = 'UTF-8'?>
<Entity class="oracle.dbtools.crest.model.design.logical.Entity" directorySegmentName="seg_0" id="FF9CD595-575D-FAB9-F84F-FFA4ECC69A48" name="MATERIAL">
<createdBy>kubak182</createdBy>
<createdTime>2020-04-04 14:47:25 UTC</createdTime>
<ownerDesignName>jezek</ownerDesignName>
<engineerTo>
<item key="DF5C361E-33FF-C4CA-C5CE-31E2C47B3F62" value="true"/>
</engineerTo>
<adequatelyNormalized>NO</adequatelyNormalized>
<expectedVolumes>0</expectedVolumes>
<fwdEngineeringStrategyName>Single Table</fwdEngineeringStrategyName>
<growthPercent>0</growthPercent>
<growthType>Year</growthType>
<maxVolumes>9999999</maxVolumes>
<minVolumes>0</minVolumes>
<normalForm>Third</normalForm>
<attributes itemClass="oracle.dbtools.crest.model.design.logical.Attribute">
<Attribute name="id_materialu" id="AD7ACD9E-FC74-27FF-E40D-B4B49681D4FA">
<createdBy>kubak182</createdBy>
<createdTime>2020-06-27 15:34:56 UTC</createdTime>
<ownerDesignName>jezek</ownerDesignName>
<engineerTo>
<item key="DF5C361E-33FF-C4CA-C5CE-31E2C47B3F62" value="true"/>
</engineerTo>
<useDomainConstraints>false</useDomainConstraints>
<use>1</use>
<logicalDatatype>LOGDT019</logicalDatatype>
<ownDataTypeParameters>,,</ownDataTypeParameters>
</Attribute>
<Attribute name="id_zakazky" id="E376039A-D99E-9F2D-1E78-B9CC4F6017DF">
<createdBy>kubak182</createdBy>
<createdTime>2020-04-04 15:05:37 UTC</createdTime>
<generatorID>F303FD7B-F110-8A09-76EB-0C3CD6C859BD</generatorID>
<ownerDesignName>jezek</ownerDesignName>
<engineerTo>
<item key="DF5C361E-33FF-C4CA-C5CE-31E2C47B3F62" value="true"/>
</engineerTo>
<referedAttribute>99FE7DDB-B8D3-78BF-BEC9-1DBA388B2649</referedAttribute>
<useDomainConstraints>false</useDomainConstraints>
<use>1</use>
<logicalDatatype>LOGDT019</logicalDatatype>
<ownDataTypeParameters>,,</ownDataTypeParameters>
</Attribute>
<Attribute name="mnozstvi" id="00311B41-8053-0C34-E65A-58A9A709FEFC">
<createdBy>kubak182</createdBy>
<createdTime>2020-04-05 14:11:10 UTC</createdTime>
<ownerDesignName>jezek</ownerDesignName>
<engineerTo>
<item key="DF5C361E-33FF-C4CA-C5CE-31E2C47B3F62" value="true"/>
</engineerTo>
<useDomainConstraints>false</useDomainConstraints>
<use>1</use>
<logicalDatatype>LOGDT019</logicalDatatype>
<ownDataTypeParameters>,,</ownDataTypeParameters>
</Attribute>
<Attribute name="popis" id="F4D45207-8303-7090-53CE-7EEC19D8E27A">
<createdBy>kubak182</createdBy>
<createdTime>2020-04-05 14:11:50 UTC</createdTime>
<ownerDesignName>jezek</ownerDesignName>
<engineerTo>
<item key="DF5C361E-33FF-C4CA-C5CE-31E2C47B3F62" value="true"/>
</engineerTo>
<nullsAllowed>true</nullsAllowed>
<useDomainConstraints>false</useDomainConstraints>
<use>1</use>
<logicalDatatype>LOGDT024</logicalDatatype>
<dataTypeSize>500</dataTypeSize>
<ownDataTypeParameters>500,,</ownDataTypeParameters>
</Attribute>
<Attribute name="id_skladu_materialu" id="6C254213-9EBD-3961-16A8-964EF7948CA9">
<createdBy>kubak182</createdBy>
<createdTime>2020-04-11 17:38:46 UTC</createdTime>
<generatorID>0A750CD3-1DA0-7694-B8EE-F09DF9DA5883</generatorID>
<ownerDesignName>jezek</ownerDesignName>
<engineerTo>
<item key="DF5C361E-33FF-C4CA-C5CE-31E2C47B3F62" value="true"/>
</engineerTo>
<referedAttribute>0A50166D-BADC-B909-91FB-8573E4D351E4</referedAttribute>
<useDomainConstraints>false</useDomainConstraints>
<use>1</use>
<logicalDatatype>LOGDT019</logicalDatatype>
<dataTypePrecision>38</dataTypePrecision>
<ownDataTypeParameters>,,</ownDataTypeParameters>
</Attribute>
<Attribute name="jmeno_materialu" id="C5932C48-B7A1-46FE-43BF-6D1038818F25">
<createdBy>kubak182</createdBy>
<createdTime>2020-06-27 15:35:27 UTC</createdTime>
<ownerDesignName>jezek</ownerDesignName>
<engineerTo>
<item key="DF5C361E-33FF-C4CA-C5CE-31E2C47B3F62" value="true"/>
</engineerTo>
<useDomainConstraints>false</useDomainConstraints>
<use>1</use>
<logicalDatatype>LOGDT024</logicalDatatype>
<dataTypeSize>300</dataTypeSize>
<ownDataTypeParameters>300,,</ownDataTypeParameters>
</Attribute>
<Attribute name="skladem" id="EEB95B05-8BAC-9DA5-F0ED-EDA746748344">
<createdBy>kubak182</createdBy>
<createdTime>2020-06-27 15:41:24 UTC</createdTime>
<ownerDesignName>jezek</ownerDesignName>
<engineerTo>
<item key="DF5C361E-33FF-C4CA-C5CE-31E2C47B3F62" value="true"/>
</engineerTo>
<useDomainConstraints>false</useDomainConstraints>
<use>1</use>
<logicalDatatype>LOGDT019</logicalDatatype>
<ownDataTypeParameters>,,</ownDataTypeParameters>
</Attribute>
<Attribute name="cena" id="5AA47ACA-A9D0-51A6-AF2B-6816C528899A">
<createdBy>kubak182</createdBy>
<createdTime>2020-06-27 15:41:29 UTC</createdTime>
<ownerDesignName>jezek</ownerDesignName>
<engineerTo>
<item key="DF5C361E-33FF-C4CA-C5CE-31E2C47B3F62" value="true"/>
</engineerTo>
<nullsAllowed>true</nullsAllowed>
<useDomainConstraints>false</useDomainConstraints>
<use>1</use>
<logicalDatatype>LOGDT019</logicalDatatype>
<dataTypeScale>2</dataTypeScale>
<ownDataTypeParameters>,,2</ownDataTypeParameters>
</Attribute>
<Attribute name="porizovaci_cena" id="182F29E8-C44C-A246-1674-29A6CBE71A49">
<createdBy>kubak182</createdBy>
<createdTime>2020-06-27 15:41:34 UTC</createdTime>
<ownerDesignName>jezek</ownerDesignName>
<engineerTo>
<item key="DF5C361E-33FF-C4CA-C5CE-31E2C47B3F62" value="true"/>
</engineerTo>
<useDomainConstraints>false</useDomainConstraints>
<use>1</use>
<logicalDatatype>LOGDT019</logicalDatatype>
<dataTypeScale>2</dataTypeScale>
<ownDataTypeParameters>,,2</ownDataTypeParameters>
</Attribute>
</attributes>
<identifiers itemClass="oracle.dbtools.crest.model.design.logical.CandidateKey">
<identifier id="77AAFC62-C6EE-BA36-98C7-DAC4C36EF546" name="PRODEJ PK">
<createdBy>kubak182</createdBy>
<createdTime>2020-04-04 14:47:49 UTC</createdTime>
<ownerDesignName>jezek</ownerDesignName>
<shouldEngineer>false</shouldEngineer>
<engineerTo>
<item key="DF5C361E-33FF-C4CA-C5CE-31E2C47B3F62" value="false"/>
</engineerTo>
<pk>true</pk>
<newElementsIDs>F303FD7B-F110-8A09-76EB-0C3CD6C859BD,0A750CD3-1DA0-7694-B8EE-F09DF9DA5883,AD7ACD9E-FC74-27FF-E40D-B4B49681D4FA</newElementsIDs>
<usedAttributes>
<attributeRef>E376039A-D99E-9F2D-1E78-B9CC4F6017DF</attributeRef>
<attributeRef>6C254213-9EBD-3961-16A8-964EF7948CA9</attributeRef>
<attributeRef>AD7ACD9E-FC74-27FF-E40D-B4B49681D4FA</attributeRef>
</usedAttributes>
</identifier>
<identifier id="F646799F-73BF-F1C2-B9C2-53038C6440C0" name="Key_2">
<createdBy>kubak182</createdBy>
<createdTime>2020-06-27 15:37:33 UTC</createdTime>
<ownerDesignName>jezek</ownerDesignName>
<shouldEngineer>false</shouldEngineer>
<engineerTo>
<item key="DF5C361E-33FF-C4CA-C5CE-31E2C47B3F62" value="false"/>
</engineerTo>
<newElementsIDs>C5932C48-B7A1-46FE-43BF-6D1038818F25</newElementsIDs>
<usedAttributes>
<attributeRef>C5932C48-B7A1-46FE-43BF-6D1038818F25</attributeRef>
</usedAttributes>
</identifier>
</identifiers>
</Entity>
