<?xml version = '1.0' encoding = 'UTF-8'?>
<Relation class="oracle.dbtools.crest.model.design.logical.Relation" name="vyuzije" directorySegmentName="seg_0" id="326DEFE7-B3D7-0802-4C38-D995B577D0B6">
<createdBy>kubak182</createdBy>
<createdTime>2020-04-05 17:27:40 UTC</createdTime>
<ownerDesignName>jezek</ownerDesignName>
<engineerTo>
<item key="D0AD7BCE-8504-1D1A-25FB-E7DAD41ABE7B" value="true"/>
</engineerTo>
<sourcePk>DED1F3EE-F9D0-76C7-AAF1-ABB18E25E73D</sourcePk>
<identifying>true</identifying>
<nameOnSource>vyuzije</nameOnSource>
<nameOnTarget>bude_pouzita</nameOnTarget>
<optionalSource>true</optionalSource>
<optionalTarget>false</optionalTarget>
<sourceCardinality>1</sourceCardinality>
<sourceEntity>507E183C-CE74-2692-2873-B1F7545B8200</sourceEntity>
<targetCardinalityString>*</targetCardinalityString>
<targetEntity>EB82CAAB-625B-93F2-AE99-3C04201377A7</targetEntity>
<transferable>true</transferable>
<deleteRule>NO ACTION</deleteRule>
</Relation>