<?xml version = '1.0' encoding = 'UTF-8'?>
<Relation class="oracle.dbtools.crest.model.design.logical.Relation" name="se_podili" directorySegmentName="seg_0" id="37971541-0D52-0AFB-B35B-9A846716B014">
<createdBy>kubak182</createdBy>
<createdTime>2020-04-05 17:28:01 UTC</createdTime>
<ownerDesignName>jezek</ownerDesignName>
<engineerTo>
<item key="AE46DC7B-2F00-81CB-82C1-A238B94916B3" value="true"/>
</engineerTo>
<sourcePk>CB1F55AE-BB11-4A1A-572F-47BCB7E50B55</sourcePk>
<identifying>true</identifying>
<nameOnSource>se_podili</nameOnSource>
<optionalSource>true</optionalSource>
<optionalTarget>false</optionalTarget>
<sourceCardinality>1</sourceCardinality>
<sourceEntity>B6381275-B59B-9869-1D13-9F58DE9144F1</sourceEntity>
<targetCardinalityString>*</targetCardinalityString>
<targetEntity>2B72896B-E451-9C15-EDFE-9626CC02918B</targetEntity>
<transferable>true</transferable>
<deleteRule>NO ACTION</deleteRule>
</Relation>