<?xml version = '1.0' encoding = 'UTF-8'?>
<Relation class="oracle.dbtools.crest.model.design.logical.Relation" name="ma_sluzby" directorySegmentName="seg_0" id="53039709-D8DF-513A-3CD9-D7EB624AAB09">
<createdBy>kubak182</createdBy>
<createdTime>2020-04-04 14:44:55 UTC</createdTime>
<ownerDesignName>jezek</ownerDesignName>
<engineerTo>
<item key="AE46DC7B-2F00-81CB-82C1-A238B94916B3" value="true"/>
</engineerTo>
<sourcePk>DED1F3EE-F9D0-76C7-AAF1-ABB18E25E73D</sourcePk>
<identifying>false</identifying>
<nameOnSource>ma_sluzby</nameOnSource>
<optionalSource>true</optionalSource>
<optionalTarget>false</optionalTarget>
<sourceCardinality>1</sourceCardinality>
<sourceEntity>507E183C-CE74-2692-2873-B1F7545B8200</sourceEntity>
<targetCardinalityString>*</targetCardinalityString>
<targetEntity>13189AB9-41BB-3BF1-7303-1DDDE775CAE2</targetEntity>
<transferable>true</transferable>
<deleteRule>NO ACTION</deleteRule>
</Relation>