<?xml version = '1.0' encoding = 'UTF-8'?>
<Relation class="oracle.dbtools.crest.model.design.logical.Relation" name="ma_dodaci_adresu" directorySegmentName="seg_0" id="61F59434-B0FA-8A9A-0EA3-33A2E50BE25F">
<createdBy>kubak182</createdBy>
<createdTime>2020-04-04 07:15:20 UTC</createdTime>
<ownerDesignName>jezek</ownerDesignName>
<engineerTo>
<item key="D0AD7BCE-8504-1D1A-25FB-E7DAD41ABE7B" value="true"/>
</engineerTo>
<sourcePk>112FB3B5-68DE-382E-7624-6A6A4D71B7F0</sourcePk>
<identifying>false</identifying>
<nameOnTarget>ma_dodaci_adresu</nameOnTarget>
<optionalSource>true</optionalSource>
<optionalTarget>true</optionalTarget>
<sourceCardinality>1</sourceCardinality>
<sourceEntity>F5FB77B7-7024-FE04-ABEC-08BEECE14910</sourceEntity>
<targetCardinalityString>*</targetCardinalityString>
<targetEntity>B518974A-8AAC-DA14-DA9F-7D9AE51318AE</targetEntity>
<transferable>true</transferable>
<deleteRule>NO ACTION</deleteRule>
</Relation>