<?xml version = '1.0' encoding = 'UTF-8'?>
<Relation class="oracle.dbtools.crest.model.design.logical.Relation" name="ma_sidlo" directorySegmentName="seg_0" id="B19AB65C-D51E-F4AA-E389-7B367D1317A3">
<createdBy>kubak182</createdBy>
<createdTime>2020-04-03 17:42:28 UTC</createdTime>
<ownerDesignName>jezek</ownerDesignName>
<engineerTo>
<item key="D0AD7BCE-8504-1D1A-25FB-E7DAD41ABE7B" value="true"/>
</engineerTo>
<sourcePk>112FB3B5-68DE-382E-7624-6A6A4D71B7F0</sourcePk>
<identifying>false</identifying>
<nameOnSource>ma_sidlo</nameOnSource>
<nameOnTarget>ma_adresu</nameOnTarget>
<optionalSource>true</optionalSource>
<optionalTarget>false</optionalTarget>
<sourceCardinality>1</sourceCardinality>
<sourceEntity>F5FB77B7-7024-FE04-ABEC-08BEECE14910</sourceEntity>
<targetCardinalityString>*</targetCardinalityString>
<targetEntity>6E7C6148-C464-BF2F-3EE2-2DBCA7B6F309</targetEntity>
<transferable>true</transferable>
</Relation>