<?xml version = '1.0' encoding = 'UTF-8'?>
<FKArc class="oracle.dbtools.crest.model.design.relational.FKArc" directorySegmentName="seg_0" id="298BFA58-F83D-1522-F299-E86CD2356CAB" name="FKArc_1">
<createdBy>kubak182</createdBy>
<createdTime>2020-06-27 15:16:41 UTC</createdTime>
<ownerDesignName>jezek</ownerDesignName>
<mandatory>true</mandatory>
<reverseArc>true</reverseArc>
<table>816C3BBF-9410-58CD-1D38-4A7A4E433832</table>
<discriminatorColumn>373ACD38-C3A6-F3E4-3223-A9C774F9146B</discriminatorColumn>
<fkeys>
<fkeyID>93B3BDCE-262E-D26C-ACF9-2F44A5C765B9</fkeyID>
<fkeyID>E928311E-FC14-E172-29EF-DC9ADD53CB06</fkeyID>
</fkeys>
</FKArc>
