<?xml version = '1.0' encoding = 'UTF-8'?>
<FKArc class="oracle.dbtools.crest.model.design.relational.FKArc" directorySegmentName="seg_0" id="B577219A-115C-24B4-5F76-C2ACC8BDFA35" name="Arc_2">
<createdBy>kubak182</createdBy>
<createdTime>2020-06-27 15:16:42 UTC</createdTime>
<ownerDesignName>jezek</ownerDesignName>
<mandatory>false</mandatory>
<reverseArc>true</reverseArc>
<table>122ECB66-C4C7-23BB-BB73-1D53D068E8D7</table>
<discriminatorColumn>341F995E-9743-E556-8011-3D31D647055E</discriminatorColumn>
<fkeys>
<fkeyID>B3E8773D-80B9-DE23-7C66-F8D402574244</fkeyID>
<fkeyID>AB180A5C-9240-BC59-3F75-1A7627E9C235</fkeyID>
</fkeys>
</FKArc>
